"Name","Team","W","L","SV","G","GS","IP","K/9","BB/9","HR/9","BABIP","LOB%","GB%","HR/FB","ERA","FIP","xFIP","WAR","K%","SwStr%","playerid"
"Xavier Cedeno","Cubs","0","0","0","1","0","0.0","0.00","9.00","0.00",".000","100.0 %","0.0 %","0.0 %","0.00","6.10","6.10","0.0","0.0 %","0.0 %","36"
"Matt Moore","Tigers","0","0","0","2","2","10.0","8.10","0.90","0.00",".130","100.0 %","59.1 %","0.0 %","0.00","1.60","2.90","0.4","27.3 %","14.5 %","1890"
"Charlie Culberson","Braves","0","0","0","1","0","1.0","9.00","18.00","0.00",".333","100.0 %","0.0 %","0.0 %","0.00","7.10","10.82","0.0","16.7 %","0.0 %","3298"
"Jeff Mathis","Rangers","0","0","0","1","0","1.0","9.00","0.00","0.00",".333","100.0 %","33.3 %","0.0 %","0.00","1.10","2.96","0.0","25.0 %","18.8 %","3448"
"Russell Martin","Dodgers","0","0","0","1","0","1.0","0.00","0.00","0.00",".000","100.0 %","66.7 %","0.0 %","0.00","3.10","4.96","0.0","0.0 %","10.0 %","4616"
"Pablo Sandoval","Giants","0","0","0","1","0","1.0","0.00","0.00","0.00",".000","100.0 %","50.0 %","0.0 %","0.00","6.10","7.96","0.0","0.0 %","0.0 %","5409"
"Jesus Sucre","Orioles","0","0","0","1","0","1.0","0.00","0.00","0.00",".000","100.0 %","66.7 %","0.0 %","0.00","3.10","4.96","0.0","0.0 %","0.0 %","5942"
"JB Shuck","Pirates","0","0","0","1","0","1.0","0.00","9.00","0.00",".250","100.0 %","50.0 %","0.0 %","0.00","6.10","9.82","0.0","0.0 %","0.0 %","6677"
"Ryan Pressly","Astros","1","0","2","17","0","19.0","9.47","0.00","0.00",".196","100.0 %","63.0 %","0.0 %","0.00","1.00","1.58","0.9","30.3 %","15.0 %","7005"
"Caleb Joseph","Diamondbacks","0","0","0","1","0","1.0","0.00","0.00","0.00",".000","100.0 %","66.7 %","0.0 %","0.00","3.10","4.96","0.0","0.0 %","0.0 %","7087"
"Jake McGee","Rockies","0","0","0","2","0","2.1","11.57","0.00","0.00",".333","100.0 %","16.7 %","0.0 %","0.00","0.53","2.92","0.1","33.3 %","12.5 %","7550"
"Ryan Weber","Red Sox","0","0","0","2","0","5.0","10.80","0.00","0.00",".308","100.0 %","58.3 %","0.0 %","0.00","1.30","2.04","0.1","30.0 %","7.3 %","10160"
"Aaron Loup","Padres","0","0","0","4","0","3.1","13.50","2.70","0.00",".286","100.0 %","57.1 %","0.0 %","0.00","1.90","2.46","0.1","35.7 %","15.1 %","10343"
"Jedd Gyorko","Cardinals","0","0","0","1","0","0.1","27.00","0.00","0.00",".000","100.0 %","0.0 %","0.0 %","0.00","-2.90","-2.90","0.0","100.0 %","50.0 %","10816"
"Ryan O'Rourke","Mets","0","0","0","2","0","1.1","6.75","20.25","0.00",".000","100.0 %","0.0 %","0.0 %","0.00","8.35","11.14","-0.1","16.7 %","0.0 %","10976"
"Grant Dayton","Braves","0","0","0","5","0","4.0","2.25","2.25","0.00",".286","100.0 %","21.4 %","0.0 %","0.00","3.35","7.07","0.1","6.3 %","10.2 %","11203"
"Casey Sadler","Rays","0","0","0","4","0","9.0","5.00","1.00","0.00",".192","85.7 %","56.0 %","0.0 %","0.00","2.66","3.89","0.1","15.2 %","7.3 %","11209"
"Evan Marshall","White Sox","0","0","0","5","0","5.1","3.38","3.38","0.00",".294","100.0 %","47.1 %","0.0 %","0.00","3.48","5.22","0.1","9.5 %","13.4 %","12297"
"Nathan Karns","Orioles","0","1","0","4","2","5.1","8.44","5.06","0.00",".438","90.9 %","75.0 %","0.0 %","0.00","3.48","4.17","0.1","20.0 %","11.0 %","12638"
"Mike Clevinger","Indians","1","0","0","2","2","12.0","16.50","3.00","0.00",".125","100.0 %","43.8 %","0.0 %","0.00","0.43","1.21","0.8","52.4 %","21.0 %","12808"
"Luke Maile","Blue Jays","0","0","0","1","0","1.0","9.00","0.00","0.00",".000","100.0 %","50.0 %","0.0 %","0.00","1.10","1.10","0.0","33.3 %","6.7 %","13355"
"Jake Faria","Rays","0","0","0","1","0","2.0","4.50","4.50","0.00",".200","100.0 %","20.0 %","0.0 %","0.00","3.60","6.39","0.0","14.3 %","9.1 %","13699"
"Kevin Plawecki","Indians","0","0","0","2","0","2.0","0.00","0.00","0.00",".000","100.0 %","50.0 %","0.0 %","0.00","3.10","4.96","0.0","0.0 %","5.3 %","13807"
"Jose Rondon","White Sox","0","0","0","1","0","1.0","0.00","0.00","0.00",".400","100.0 %","40.0 %","0.0 %","0.00","3.10","6.82","0.0","0.0 %","0.0 %","14140"
"Williams Jerez","Giants","0","0","0","1","0","1.0","0.00","18.00","0.00",".000","100.0 %","33.3 %","0.0 %","0.00","9.10","12.82","0.0","0.0 %","0.0 %","14338"
"Matt Ramsey","Angels","0","0","0","1","0","1.0","9.00","0.00","0.00",".000","100.0 %","0.0 %","0.0 %","0.00","1.10","4.82","0.0","33.3 %","9.1 %","14460"
"Thyago Vieira","White Sox","1","0","0","1","0","2.0","9.00","0.00","0.00",".200","100.0 %","20.0 %","0.0 %","0.00","1.10","3.89","0.1","28.6 %","7.7 %","14510"
"Dillon Maples","Cubs","0","0","0","3","0","2.2","20.25","16.88","0.00",".000","100.0 %","100.0 %","0.0 %","0.00","4.23","4.23","0.0","46.2 %","15.9 %","14672"
"Jaime Schultz","Dodgers","0","0","0","3","0","3.0","9.00","6.00","0.00",".167","100.0 %","33.3 %","0.0 %","0.00","3.10","5.58","0.0","27.3 %","10.9 %","15066"
"Hunter Wood","Rays","0","0","1","4","1","6.1","9.95","1.42","0.00",".353","100.0 %","37.5 %","0.0 %","0.00","1.36","3.42","0.2","28.0 %","18.0 %","15091"
"Jimmie Sherfy","Diamondbacks","0","0","0","1","0","2.0","22.50","0.00","0.00",".800","100.0 %","0.0 %","0.0 %","0.00","-1.90","-0.97","0.1","50.0 %","17.1 %","15118"
"Cody Reed","Reds","0","0","0","1","0","2.1","15.43","0.00","0.00",".250","100.0 %","75.0 %","0.0 %","0.00","-0.33","0.47","0.1","50.0 %","14.3 %","15232"
"Donnie Hart","Brewers","0","0","0","4","0","6.2","4.05","5.40","0.00",".211","100.0 %","68.4 %","0.0 %","0.00","4.00","5.11","0.0","11.5 %","12.6 %","15306"
"Tyler White","Astros","0","0","0","1","0","1.0","9.00","9.00","0.00",".000","100.0 %","0.0 %","0.0 %","0.00","4.10","7.82","0.0","25.0 %","0.0 %","15564"
"Chris Ellis","Royals","0","0","0","1","0","1.0","0.00","9.00","0.00",".250","100.0 %","25.0 %","0.0 %","0.00","6.10","7.96","0.0","0.0 %","0.0 %","16125"
"Aaron Bummer","White Sox","0","0","0","8","0","9.1","9.64","1.93","0.00",".100","80.0 %","70.0 %","0.0 %","0.00","1.92","2.72","0.3","30.3 %","11.1 %","16258"
"Erick Fedde","Nationals","0","0","0","4","0","8.0","5.63","4.50","0.00",".150","100.0 %","70.0 %","0.0 %","0.00","3.35","4.51","0.1","17.2 %","10.0 %","17425"
"Daniel Zamora","Mets","0","0","0","6","0","3.2","9.82","4.91","0.00",".125","100.0 %","62.5 %","0.0 %","0.00","2.56","4.07","0.1","28.6 %","12.1 %","17811"
"Darwinzon Hernandez","Red Sox","0","0","0","1","0","2.1","15.43","3.86","0.00",".571","100.0 %","42.9 %","0.0 %","0.00","0.96","3.35","0.1","33.3 %","16.0 %","19848"
"Felipe Vazquez","Pirates","1","0","12","17","0","18.2","14.46","2.41","0.48",".333","96.8 %","33.3 %","5.6 %","0.48","1.39","2.48","0.9","38.5 %","13.6 %","12076"
"Roberto Osuna","Astros","2","0","10","18","0","18.1","8.84","0.49","0.00",".119","83.3 %","31.7 %","0.0 %","0.49","1.30","3.23","0.8","29.5 %","14.2 %","13764"
"Dylan Floro","Dodgers","1","0","0","17","0","18.0","7.00","1.00","0.50",".226","89.0 %","49.0 %","6.3 %","0.50","2.77","3.70","0.5","19.7 %","12.8 %","13394"
"Emilio Pagan","Rays","0","0","3","13","0","12.2","12.08","2.13","0.00",".231","88.9 %","34.6 %","0.0 %","0.71","1.13","2.45","0.6","37.0 %","19.7 %","14771"
"Ty Buttrey","Angels","2","1","1","19","0","21.0","11.14","1.29","0.00",".333","91.3 %","48.1 %","0.0 %","0.86","1.34","3.02","1.0","30.6 %","13.1 %","14719"
"Sean Doolittle","Nationals","3","1","6","18","0","19.0","10.42","2.37","0.47",".286","96.8 %","20.4 %","3.2 %","0.95","2.26","4.60","0.8","28.6 %","13.3 %","1581"
"Francisco Liriano","Pirates","1","0","0","18","0","19.0","10.42","3.79","0.47",".250","96.9 %","44.9 %","4.8 %","0.95","2.73","4.10","0.4","27.9 %","15.5 %","3201"
"Mike Soroka","Braves","4","1","0","6","6","36.2","8.35","3.44","0.00",".230","86.1 %","56.3 %","0.0 %","0.98","2.88","3.95","1.0","22.1 %","9.7 %","18383"
"Jose Alvarado","Rays","0","2","4","18","0","17.1","13.50","4.15","0.00",".235","87.5 %","42.4 %","0.0 %","1.04","1.49","2.99","0.7","38.2 %","15.1 %","17780"
"Yoan Lopez","Diamondbacks","0","1","0","21","0","17.0","6.88","3.71","1.06",".159","98.5 %","54.3 %","22.2 %","1.06","4.34","3.79","0.0","19.7 %","11.8 %","17181"
"Tommy Kahnle","Yankees","1","0","0","19","0","16.2","12.42","3.24","0.54",".171","77.6 %","63.9 %","9.1 %","1.08","2.20","2.65","0.5","35.4 %","15.2 %","11384"
"Jon Lester","Cubs","3","1","0","7","7","38.2","9.08","1.86","0.70",".296","90.2 %","45.0 %","8.6 %","1.16","2.71","3.39","1.2","24.7 %","8.3 %","4930"
"Blake Parker","Twins","0","1","7","16","0","15.1","7.04","4.11","0.59",".189","95.9 %","56.8 %","7.7 %","1.17","3.95","4.68","0.2","20.7 %","11.3 %","5224"
"Nick Wittgren","Indians","1","0","1","12","0","14.2","10.43","0.61","0.61",".250","93.8 %","35.1 %","7.1 %","1.23","1.87","2.76","0.5","30.9 %","9.2 %","15594"
"Adam Morgan","Phillies","2","1","0","18","0","14.1","8.16","1.88","1.26",".147","100.0 %","41.7 %","13.3 %","1.26","3.94","4.07","0.1","24.5 %","17.0 %","12580"
"Taylor Cole","Angels","0","0","0","3","0","7.0","12.86","5.14","0.00",".083","80.0 %","33.3 %","0.0 %","1.29","1.96","3.82","0.2","38.5 %","12.8 %","11964"
"Cole Irvin","Phillies","1","0","0","1","1","7.0","6.43","1.29","0.00",".238","83.3 %","25.0 %","0.0 %","1.29","2.10","3.69","0.3","18.5 %","6.5 %","19244"
"Shawn Kelley","Rangers","3","0","2","14","0","14.0","7.71","0.64","1.29",".206","100.0 %","34.3 %","11.8 %","1.29","3.46","3.86","0.3","24.5 %","10.8 %","7773"
"Will Harris","Astros","0","0","0","15","0","13.2","7.24","3.29","0.00",".263","86.7 %","63.2 %","0.0 %","1.32","2.59","3.40","0.2","20.4 %","11.3 %","3192"
"Kirby Yates","Padres","0","2","16","20","0","20.0","16.65","3.60","0.00",".429","88.0 %","51.4 %","0.0 %","1.35","0.90","1.83","1.3","45.1 %","16.3 %","9073"
"Tyler Clippard","Indians","0","0","0","6","0","6.1","8.53","1.42","0.00",".133","75.0 %","42.9 %","0.0 %","1.42","2.15","3.62","0.2","26.1 %","13.9 %","5640"
"Tyler Duffey","Twins","0","0","0","6","0","6.1","14.21","2.84","2.84",".267","57.7 %","57.1 %","40.0 %","1.42","5.00","2.36","0.0","34.5 %","16.3 %","13758"
"Marcus Walden","Red Sox","5","0","0","15","0","24.2","10.95","1.82","0.73",".185","79.0 %","51.8 %","13.3 %","1.46","2.45","2.53","0.7","32.6 %","13.9 %","8004"
"Liam Hendriks","Athletics","1","0","0","19","1","24.2","9.85","3.65","0.36",".283","90.6 %","31.0 %","3.3 %","1.46","2.78","4.51","0.5","27.3 %","12.0 %","3548"
"Ken Giles","Blue Jays","1","1","9","19","0","18.1","13.75","2.45","0.49",".316","90.4 %","43.6 %","5.3 %","1.47","1.57","2.79","0.8","38.9 %","19.4 %","12910"
"Taylor Rogers","Twins","0","0","4","16","0","18.1","12.27","1.96","0.49",".417","94.0 %","50.0 %","6.7 %","1.47","2.23","3.04","0.6","30.9 %","10.6 %","13449"
"John Gant","Cardinals","3","0","2","21","0","24.1","9.99","2.59","1.11",".146","100.0 %","45.1 %","15.0 %","1.48","3.35","3.27","0.4","31.8 %","13.8 %","13684"
"Shane Greene","Tigers","0","1","15","18","0","18.0","11.00","2.00","1.00",".195","98.4 %","55.8 %","14.3 %","1.50","2.93","2.93","0.6","31.4 %","12.0 %","10756"
"Austin Davis","Phillies","0","0","0","3","0","6.0","9.00","7.50","0.00",".353","91.7 %","23.5 %","0.0 %","1.50","4.10","6.58","0.0","20.7 %","8.5 %","17117"
"Dan Winkler","Braves","1","0","0","15","0","12.0","9.75","4.50","1.50",".154","100.0 %","28.6 %","16.7 %","1.50","4.60","4.29","0.0","27.7 %","17.2 %","12237"
"Ariel Jurado","Rangers","1","1","0","8","0","12.0","5.25","0.75","0.75",".250","47.2 %","62.5 %","14.3 %","1.50","3.27","3.27","0.2","14.3 %","6.5 %","17030"
"Matt Barnes","Red Sox","2","0","3","17","0","18.0","17.00","2.00","1.00",".286","98.4 %","65.5 %","40.0 %","1.50","1.60","0.67","0.8","49.3 %","16.7 %","12863"
"Ryne Harper","Twins","0","0","0","17","0","18.0","7.00","2.00","0.50",".231","89.7 %","41.5 %","5.6 %","1.50","2.93","4.07","0.4","19.7 %","9.4 %","12680"
"Brad Hand","Indians","2","2","11","19","0","17.2","12.74","2.55","0.51",".250","89.0 %","10.8 %","5.6 %","1.53","2.02","3.18","0.7","36.8 %","13.0 %","9111"
"Zach Davies","Brewers","4","0","0","8","8","46.2","5.98","2.89","0.58",".283","87.4 %","43.4 %","6.3 %","1.54","3.64","4.71","0.9","16.5 %","7.4 %","13183"
"Amir Garrett","Reds","3","1","0","22","0","17.1","11.42","4.15","0.52",".297","91.8 %","52.6 %","9.1 %","1.56","2.87","3.30","0.4","31.9 %","14.1 %","14375"
"Diego Castillo","Rays","0","2","5","21","0","23.0","11.35","2.74","1.17",".234","95.2 %","51.0 %","17.6 %","1.57","3.19","2.86","0.5","33.7 %","14.5 %","17496"
"Matt Shoemaker","Blue Jays","3","0","0","5","5","28.2","7.53","2.83","0.94",".183","87.2 %","51.4 %","11.1 %","1.57","3.83","4.22","0.5","22.2 %","13.4 %","4776"
"Burch Smith","Brewers","0","1","0","3","0","5.2","7.94","4.76","1.59",".133","100.0 %","43.8 %","14.3 %","1.59","5.22","5.22","0.0","20.8 %","10.5 %","12784"
"Michael Lorenzen","Reds","0","0","2","18","0","22.0","7.36","2.86","0.41",".319","90.9 %","44.9 %","4.5 %","1.64","3.01","4.28","0.4","19.0 %","11.3 %","14843"
"Gio Gonzalez","Brewers","2","0","0","4","4","21.1","6.33","2.11","0.42",".279","88.0 %","45.9 %","5.6 %","1.69","3.01","3.96","0.6","18.3 %","10.8 %","7448"
"Tyler Bashlor","Mets","0","1","0","4","0","5.1","10.13","5.06","1.69",".091","100.0 %","33.3 %","14.3 %","1.69","4.98","4.98","0.0","28.6 %","12.4 %","15203"
"Pedro Avila","Padres","0","0","0","1","1","5.1","8.44","3.38","0.00",".267","85.7 %","40.0 %","0.0 %","1.69","2.91","5.00","0.2","21.7 %","9.4 %","18864"
"Adam Ottavino","Yankees","1","1","0","19","0","21.1","11.81","6.33","0.84",".220","95.0 %","38.1 %","10.0 %","1.69","3.94","4.47","0.3","32.2 %","10.8 %","1247"
"Hyun-Jin Ryu","Dodgers","5","1","0","8","8","52.1","9.29","0.52","1.03",".230","94.6 %","46.2 %","16.7 %","1.72","2.70","2.49","1.5","28.6 %","11.7 %","14444"
"Luis Castillo","Reds","4","1","0","9","9","56.1","11.18","3.83","0.48",".242","87.6 %","59.3 %","9.7 %","1.76","2.75","3.08","1.6","31.8 %","15.7 %","15689"
"Scott Barlow","Royals","1","0","1","14","0","20.1","13.28","3.54","0.89",".250","93.8 %","38.1 %","14.3 %","1.77","2.90","2.90","0.4","36.6 %","12.4 %","14993"
"Greg Holland","Diamondbacks","1","0","8","15","0","15.0","12.00","5.40","0.60",".200","89.0 %","46.7 %","9.1 %","1.80","3.10","3.60","0.3","33.3 %","15.3 %","7196"
"Daniel Poncedeleon","Cardinals","0","0","0","1","1","5.0","12.60","5.40","1.80",".111","100.0 %","40.0 %","20.0 %","1.80","4.70","3.96","0.0","35.0 %","12.2 %","16110"
"Mike Morin","Twins","0","0","1","5","0","5.0","9.00","0.00","1.80",".167","100.0 %","46.2 %","25.0 %","1.80","4.30","3.19","0.0","26.3 %","12.8 %","13442"
"Jacob Webb","Braves","1","0","1","12","0","10.0","11.70","4.50","0.90",".238","93.8 %","42.9 %","10.0 %","1.80","3.30","3.86","0.1","32.5 %","11.6 %","19274"
"Tyler Glasnow","Rays","6","1","0","8","8","48.1","10.24","1.68","0.56",".276","82.9 %","51.7 %","8.3 %","1.86","2.19","2.77","1.8","30.1 %","12.0 %","14374"
"Yusmeiro Petit","Athletics","0","1","0","21","0","24.0","6.00","0.75","1.13",".182","93.8 %","25.8 %","8.6 %","1.88","3.64","4.73","0.3","18.4 %","9.4 %","4020"
"Jordan Hicks","Cardinals","1","1","9","15","0","14.1","12.56","3.77","0.63",".240","87.3 %","61.5 %","20.0 %","1.88","2.68","2.42","0.3","37.7 %","13.6 %","19618"
"Scott Oberg","Rockies","1","0","0","17","0","19.0","5.68","4.74","0.95",".208","89.1 %","46.3 %","13.3 %","1.89","4.78","4.88","0.0","15.6 %","9.6 %","13911"
"John Brebbia","Cardinals","1","2","0","20","0","23.2","10.27","3.42","1.14",".185","96.0 %","33.3 %","10.3 %","1.90","3.86","4.49","0.2","28.4 %","14.9 %","12777"
"Montana DuRapau","Pirates","0","0","0","4","0","4.2","9.64","0.00","0.00",".333","75.0 %","66.7 %","0.0 %","1.93","0.96","0.96","0.1","29.4 %","18.0 %","16768"
"Sam Gaviglio","Blue Jays","2","0","0","14","0","27.2","9.43","0.98","1.30",".169","90.3 %","47.8 %","13.8 %","1.95","3.43","3.49","0.2","28.2 %","12.6 %","12778"
"Chris Paddack","Padres","3","2","0","8","8","45.1","9.73","2.18","0.79",".179","72.4 %","42.6 %","9.1 %","1.99","2.95","3.60","1.2","28.5 %","11.7 %","20099"
"Taylor Clarke","Diamondbacks","0","1","1","2","1","9.0","4.00","0.00","1.00",".250","92.1 %","55.2 %","12.5 %","2.00","3.99","4.20","0.1","11.8 %","7.8 %","17611"
"Hector Rondon","Astros","2","1","0","15","0","13.1","7.43","2.70","0.68",".278","89.0 %","51.4 %","7.7 %","2.03","3.55","4.39","0.1","20.8 %","10.5 %","2391"
"Luke Jackson","Braves","2","0","5","19","0","22.0","11.05","2.86","0.82",".294","89.6 %","69.8 %","20.0 %","2.05","2.78","2.44","0.5","31.0 %","14.0 %","11752"
"Bryan Shaw","Rockies","2","0","0","22","0","26.0","4.85","4.15","1.04",".153","87.7 %","48.0 %","12.0 %","2.08","5.02","5.31","-0.1","13.7 %","7.8 %","8110"
"Juan Minaya","White Sox","0","0","0","3","0","4.1","14.54","6.23","2.08",".333","90.9 %","10.0 %","16.7 %","2.08","5.64","5.21","0.0","33.3 %","12.4 %","10341"
"Jordan Lyles","Pirates","3","1","0","7","7","38.2","8.15","3.49","0.70",".245","84.7 %","41.0 %","7.1 %","2.09","3.46","4.47","0.8","23.2 %","8.2 %","7593"
"Alex Colome","White Sox","1","0","8","17","0","17.0","9.00","2.65","1.06",".135","87.0 %","35.9 %","11.1 %","2.12","3.51","3.95","0.2","27.9 %","14.0 %","6661"
"Aroldis Chapman","Yankees","0","1","11","18","0","16.2","13.50","1.62","0.54",".324","83.3 %","47.4 %","11.1 %","2.16","1.60","1.82","0.8","37.3 %","15.2 %","10233"
"Austin Brice","Marlins","0","0","0","9","0","16.1","7.71","4.96","0.55",".275","81.3 %","51.9 %","7.1 %","2.20","4.20","5.00","0.0","18.2 %","9.3 %","17237"
"Hector Neris","Phillies","0","1","5","17","0","16.1","13.22","3.31","1.10",".265","86.4 %","48.6 %","15.4 %","2.20","3.22","3.11","0.3","35.3 %","17.1 %","11804"
"Arodys Vizcaino","Braves","1","0","1","4","0","4.0","13.50","6.75","2.25",".286","100.0 %","12.5 %","16.7 %","2.25","5.60","5.14","-0.1","35.3 %","13.2 %","5498"
"Nick Ramirez","Tigers","0","0","0","2","0","8.0","7.88","3.38","1.13",".296","84.9 %","51.9 %","12.5 %","2.25","4.10","4.33","0.0","18.4 %","14.1 %","12575"
"Caleb Smith","Marlins","3","1","0","8","8","48.0","12.00","2.63","1.13",".245","89.9 %","32.3 %","14.3 %","2.25","2.93","2.93","1.3","35.2 %","16.5 %","14875"
"Jon Duplantier","Diamondbacks","1","0","1","5","0","12.0","9.00","3.75","0.00",".276","82.4 %","48.3 %","0.0 %","2.25","3.35","4.74","0.2","24.0 %","10.2 %","19546"
"Trevor Gott","Giants","1","0","0","17","0","20.0","8.55","1.80","0.45",".200","75.3 %","43.1 %","5.0 %","2.25","2.60","3.81","0.3","25.3 %","11.6 %","15046"
"Luis Garcia","Angels","0","1","1","18","0","16.0","5.06","7.31","0.56",".196","89.0 %","46.8 %","6.3 %","2.25","5.60","6.65","-0.2","12.7 %","10.5 %","6984"
"Jalen Beeks","Rays","3","0","1","11","0","32.0","9.28","2.81","0.28",".307","83.3 %","44.2 %","3.3 %","2.25","2.66","4.00","0.7","24.4 %","12.4 %","17192"
"Jose Quijada","Marlins","0","1","0","4","0","4.0","9.00","11.25","2.25",".250","100.0 %","33.3 %","25.0 %","2.25","8.85","7.46","-0.2","21.1 %","9.0 %","19200"
"Brandon Kintzler","Cubs","1","0","0","19","0","19.2","8.69","1.83","1.37",".163","93.2 %","53.3 %","23.1 %","2.29","4.07","3.31","0.1","26.8 %","7.9 %","9939"
"Edwin Diaz","Mets","0","2","10","17","0","15.2","14.36","2.87","1.72",".290","100.0 %","35.3 %","21.4 %","2.30","3.36","2.53","0.2","39.1 %","20.6 %","14710"
"Brandon Brennan","Mariners","2","2","0","19","0","23.1","10.03","4.24","1.16",".226","87.2 %","57.1 %","27.3 %","2.31","3.96","3.16","0.1","28.0 %","16.8 %","13527"
"Charlie Morton","Rays","4","0","0","9","9","50.1","10.91","3.75","0.36",".291","82.5 %","54.6 %","6.3 %","2.32","2.68","3.35","1.5","29.8 %","12.4 %","4676"
"John Means","Orioles","5","3","0","10","6","38.2","7.68","2.33","1.16",".234","81.1 %","44.0 %","10.9 %","2.33","4.16","4.69","0.6","20.8 %","12.5 %","16269"
"Brandon Workman","Red Sox","3","1","0","22","0","19.1","13.03","6.52","0.47",".100","78.3 %","45.2 %","8.3 %","2.33","3.05","3.53","0.3","38.4 %","14.0 %","11428"
"Matt Magill","Twins","0","0","0","8","0","7.2","11.74","4.70","1.17",".278","93.0 %","36.8 %","12.5 %","2.35","3.75","4.00","0.1","30.3 %","10.1 %","3950"
"Justin Verlander","Astros","7","1","0","10","10","64.1","10.77","2.24","1.54",".171","96.0 %","36.0 %","16.4 %","2.38","3.86","3.57","1.1","31.1 %","14.5 %","8700"
"Tony Watson","Giants","2","0","0","17","0","15.0","6.00","1.80","0.60",".292","85.2 %","47.9 %","7.7 %","2.40","3.43","4.18","0.2","15.9 %","12.3 %","3132"
"Spencer Turnbull","Tigers","2","2","0","8","8","44.2","8.87","3.63","0.60",".275","82.4 %","45.1 %","7.3 %","2.42","3.62","4.45","0.9","23.0 %","11.4 %","16207"
"Ryne Stanek","Rays","0","1","0","17","11","22.0","9.00","2.45","0.82",".250","83.3 %","31.6 %","7.1 %","2.45","3.10","4.28","0.5","25.6 %","17.2 %","15947"
"Ian Kennedy","Royals","0","1","2","16","0","18.1","11.29","0.98","0.49",".373","82.5 %","49.0 %","5.3 %","2.45","1.63","2.84","0.6","29.9 %","8.7 %","6986"
"Wade Davis","Rockies","1","1","7","17","0","14.2","11.05","6.14","0.00",".324","81.8 %","54.1 %","0.0 %","2.45","2.69","3.83","0.4","27.7 %","12.4 %","7441"
"Jon Edwards","Indians","2","0","0","8","0","7.1","6.14","7.36","2.45",".158","100.0 %","42.9 %","25.0 %","2.45","8.56","7.04","-0.3","14.7 %","11.9 %","1483"
"Zach Eflin","Phillies","5","3","0","8","8","51.0","6.71","1.24","1.24",".259","86.0 %","46.0 %","11.3 %","2.47","3.92","4.40","0.8","18.9 %","9.0 %","13774"
"Domingo German","Yankees","8","1","0","9","8","50.1","9.30","2.68","0.72",".225","75.5 %","36.4 %","7.7 %","2.50","2.96","3.85","1.7","26.0 %","13.3 %","17149"
"Brad Brach","Cubs","3","1","0","18","0","17.2","9.17","9.17","0.00",".262","82.8 %","45.2 %","0.0 %","2.55","4.12","5.49","0.1","23.1 %","9.3 %","6627"
"Chris Bassitt","Athletics","1","1","0","4","4","24.2","11.31","2.55","1.82",".222","100.0 %","41.4 %","23.8 %","2.55","4.20","3.14","0.4","31.6 %","12.0 %","12304"
"Mike Minor","Rangers","4","3","0","9","9","58.2","8.59","2.91","0.92",".272","85.6 %","41.9 %","9.7 %","2.61","3.59","4.23","1.5","23.9 %","11.1 %","10021"
"Jake Odorizzi","Twins","6","2","0","9","9","48.0","8.63","3.19","0.75",".244","79.7 %","26.2 %","6.7 %","2.63","3.39","4.63","1.2","24.1 %","11.6 %","6397"
"Junior Guerra","Brewers","1","0","2","19","0","24.0","7.88","3.75","1.13",".121","82.3 %","37.3 %","11.5 %","2.63","4.23","4.61","0.1","22.8 %","9.2 %","5702"
"Chaz Roe","Rays","0","2","0","19","0","13.2","11.20","8.56","0.66",".333","89.0 %","42.4 %","9.1 %","2.63","4.42","4.96","0.0","26.6 %","7.7 %","9866"
"Jerad Eickhoff","Phillies","2","2","1","6","5","34.0","8.74","3.44","0.53",".279","80.1 %","37.2 %","5.3 %","2.65","3.07","4.38","0.8","24.6 %","11.6 %","12664"
"Josh Hader","Brewers","0","2","11","16","0","20.1","18.59","3.10","1.77",".182","95.7 %","26.9 %","26.7 %","2.66","2.56","1.37","0.8","56.0 %","24.3 %","14212"
"Will Smith","Giants","1","0","11","17","0","16.2","10.80","2.16","0.54",".250","71.4 %","43.2 %","9.1 %","2.70","2.20","2.65","0.6","32.8 %","10.4 %","8048"
"Tim Collins","Cubs","0","0","0","4","0","3.1","5.40","5.40","0.00",".385","85.7 %","33.3 %","0.0 %","2.70","3.70","5.93","0.0","11.8 %","7.3 %","3164"
"Blake Treinen","Athletics","2","2","6","15","0","20.0","9.90","4.95","0.45",".280","81.3 %","43.8 %","5.6 %","2.70","3.20","4.22","0.6","26.2 %","14.0 %","12572"
"Connor Sadzeck","Mariners","0","1","1","14","0","16.2","10.26","4.32","1.08",".205","85.5 %","48.8 %","13.3 %","2.70","3.82","3.93","0.2","27.9 %","11.2 %","13483"
"Dan Otero","Indians","0","0","0","15","0","16.2","3.24","1.62","1.08",".306","84.9 %","54.7 %","11.8 %","2.70","4.48","4.82","0.0","8.2 %","4.6 %","7385"
"Steve Cishek","Cubs","1","1","3","20","0","19.2","9.61","3.66","0.46",".271","78.7 %","60.4 %","7.1 %","2.75","3.00","3.66","0.3","26.6 %","10.5 %","6483"
"Noe Ramirez","Angels","1","0","0","13","0","19.2","10.53","3.20","1.83",".227","97.4 %","33.3 %","18.2 %","2.75","4.47","3.91","0.0","29.5 %","12.2 %","12800"
"Lou Trivino","Athletics","1","0","0","18","0","19.2","9.15","3.66","0.92",".217","81.4 %","32.6 %","8.7 %","2.75","3.61","4.46","0.3","26.3 %","15.0 %","15043"
"Chris Martin","Rangers","0","2","1","16","0","16.1","9.92","1.65","1.65",".317","94.6 %","43.2 %","21.4 %","2.76","3.84","3.04","0.2","27.7 %","9.4 %","11847"
"Mark Melancon","Giants","1","0","0","15","0","16.1","8.27","3.86","0.55",".333","84.1 %","63.0 %","11.1 %","2.76","3.53","3.76","0.1","21.7 %","8.9 %","4264"
"Trevor May","Twins","1","1","0","20","0","16.1","8.27","3.86","0.00",".283","76.2 %","41.3 %","0.0 %","2.76","2.73","4.78","0.4","21.7 %","9.6 %","6398"
"Kyle Crick","Pirates","1","1","0","14","0","13.0","8.31","4.15","0.00",".200","71.4 %","60.7 %","0.0 %","2.77","3.10","4.24","0.2","24.0 %","11.4 %","13182"
"Zac Rosscup","Mariners","2","0","0","18","0","13.0","12.46","9.69","0.69",".323","76.3 %","50.0 %","12.5 %","2.77","4.56","4.71","0.0","28.1 %","17.2 %","9419"
"Frankie Montas","Athletics","4","2","0","8","8","45.1","8.34","2.18","0.79",".318","73.0 %","51.9 %","10.8 %","2.78","3.25","3.62","1.1","22.0 %","10.9 %","14309"
"Roenis Elias","Mariners","2","0","5","18","0","22.2","9.93","3.57","0.40",".246","63.6 %","34.4 %","4.0 %","2.78","2.66","4.13","0.8","26.0 %","10.7 %","12673"
"Zack Greinke","Diamondbacks","6","1","0","10","10","64.2","8.63","1.11","1.11",".247","78.6 %","43.9 %","14.3 %","2.78","3.16","3.16","1.5","25.4 %","8.9 %","1943"
"Zack Britton","Yankees","1","0","1","20","0","19.1","9.78","3.72","0.47",".306","79.7 %","76.0 %","20.0 %","2.79","2.84","2.65","0.4","26.6 %","13.4 %","3240"
"Robert Stephenson","Reds","2","1","0","17","0","19.1","11.64","2.33","0.93",".227","70.4 %","35.6 %","10.5 %","2.79","2.63","3.12","0.4","32.9 %","21.8 %","13594"
"Ryan Helsley","Cardinals","0","0","0","3","0","6.1","9.95","0.00","2.84",".077","100.0 %","26.7 %","22.2 %","2.84","5.00","3.53","0.0","31.8 %","16.1 %","18138"
"Luke Bard","Angels","1","1","0","14","2","19.0","9.47","2.84","1.89",".271","92.4 %","26.9 %","14.3 %","2.84","4.84","4.84","0.0","25.3 %","13.8 %","14288"
"Tim Peterson","Mets","0","0","0","5","0","6.1","4.26","8.53","0.00",".263","83.3 %","26.3 %","0.0 %","2.84","5.47","8.11","-0.1","10.3 %","8.7 %","13946"
"Kyle Hendricks","Cubs","3","4","0","8","8","50.1","7.33","1.61","0.72",".298","67.4 %","43.9 %","8.5 %","2.86","3.10","3.80","1.4","19.9 %","8.4 %","12049"
"Seth Lugo","Mets","2","0","0","18","0","25.0","11.52","2.16","0.72",".274","62.0 %","45.3 %","8.3 %","2.88","2.54","3.28","0.6","30.8 %","10.9 %","12447"
"Robert Gsellman","Mets","0","0","0","17","0","25.0","9.72","2.16","0.72",".314","70.9 %","47.1 %","8.7 %","2.88","2.82","3.49","0.6","25.5 %","12.4 %","13696"
"Mychal Givens","Orioles","0","0","4","14","0","18.2","11.57","3.38","0.96",".300","83.3 %","54.8 %","15.4 %","2.89","3.21","3.11","0.4","32.4 %","15.5 %","10430"
"Sam Dyson","Giants","1","0","1","19","0","21.2","9.55","1.25","0.42",".304","68.0 %","62.7 %","8.3 %","2.91","2.13","2.56","0.4","27.4 %","9.6 %","11710"
"Patrick Corbin","Nationals","4","1","0","9","9","58.2","10.59","2.76","0.92",".262","78.8 %","45.1 %","10.7 %","2.91","3.10","3.54","1.4","29.2 %","12.8 %","9323"
"Jefry Rodriguez","Indians","1","2","0","4","4","24.2","5.47","2.92","0.73",".253","80.2 %","53.9 %","8.7 %","2.92","3.91","4.59","0.4","15.0 %","6.6 %","17018"
"Trey Wingenter","Padres","0","0","1","16","0","15.1","12.33","4.70","1.17",".179","84.5 %","43.3 %","16.7 %","2.93","4.01","3.77","0.0","34.4 %","16.0 %","17793"
"Pedro Baez","Dodgers","2","2","0","21","0","21.1","9.28","1.69","0.42",".222","34.1 %","39.6 %","3.8 %","2.95","2.49","4.15","0.7","26.5 %","14.5 %","5420"
"Gabriel Ynoa","Orioles","0","0","0","6","0","12.0","9.00","1.50","0.75",".313","77.6 %","60.6 %","11.1 %","3.00","2.68","2.99","0.2","25.5 %","9.0 %","12938"
"Wandy Peralta","Reds","0","0","0","19","0","15.0","7.80","3.00","0.60",".256","75.3 %","47.4 %","11.1 %","3.00","3.23","3.48","0.2","22.4 %","20.2 %","14295"
"Jake Diekman","Royals","0","1","0","21","0","18.0","12.50","4.00","0.00",".222","70.0 %","40.0 %","0.0 %","3.00","2.32","3.66","0.5","34.3 %","15.7 %","5003"
"Dillon Peters","Angels","0","0","0","3","0","3.0","12.00","9.00","3.00",".286","100.0 %","25.0 %","16.7 %","3.00","7.77","7.15","-0.1","26.7 %","8.8 %","18790"
"Trevor Bauer","Indians","4","2","0","9","9","59.2","10.86","4.07","0.91",".250","76.3 %","36.5 %","11.8 %","3.02","3.55","3.83","1.3","29.9 %","12.3 %","12703"
"Jose Berrios","Twins","6","2","0","9","9","59.0","8.24","1.68","1.37",".272","86.1 %","36.9 %","12.7 %","3.05","3.91","4.17","1.2","22.7 %","10.4 %","14168"
"Matt Strahm","Padres","1","3","0","8","8","44.0","7.98","1.64","0.82",".310","79.4 %","35.4 %","7.3 %","3.07","3.33","4.47","0.9","21.2 %","9.6 %","13799"
"Cole Hamels","Cubs","3","0","0","8","8","49.2","8.88","3.08","1.09",".234","76.8 %","56.5 %","16.7 %","3.08","3.79","3.56","1.0","24.4 %","10.8 %","4972"
"Tyler Chatwood","Cubs","2","0","0","10","1","20.1","8.41","5.75","1.33",".191","86.5 %","55.1 %","33.3 %","3.10","5.07","3.97","-0.2","23.2 %","11.0 %","4338"
"Cam Bedrosian","Angels","1","2","0","19","3","20.1","10.18","4.87","0.44",".260","74.2 %","47.1 %","5.3 %","3.10","3.40","4.49","0.3","26.4 %","10.4 %","13360"
"James Paxton","Yankees","3","2","0","7","7","37.2","12.42","3.11","0.72",".337","74.2 %","32.6 %","8.3 %","3.11","2.49","3.23","1.5","33.6 %","14.1 %","11828"
"Martin Perez","Twins","5","1","0","9","6","46.1","8.94","3.50","0.78",".293","78.7 %","38.9 %","8.3 %","3.11","3.47","4.27","1.0","24.0 %","11.4 %","6902"
"Marcus Stroman","Blue Jays","1","6","0","9","9","52.0","7.79","3.12","0.52",".301","68.5 %","57.2 %","7.7 %","3.12","3.16","3.80","1.2","20.6 %","10.4 %","13431"
"Tayron Guerrero","Marlins","1","1","0","18","0","17.1","10.38","7.27","0.00",".231","76.0 %","28.2 %","0.0 %","3.12","3.56","5.60","0.1","26.7 %","16.7 %","11691"
"Robbie Ray","Diamondbacks","3","1","0","9","9","48.2","11.28","4.62","0.74",".299","72.4 %","43.5 %","9.5 %","3.14","3.26","3.80","1.1","29.3 %","12.1 %","11486"
"Matthew Boyd","Tigers","4","3","0","9","9","54.1","10.77","2.15","0.83",".273","74.5 %","39.1 %","8.6 %","3.15","2.84","3.63","1.8","29.7 %","13.2 %","15440"
"Glenn Sparkman","Royals","1","1","0","7","1","20.0","6.75","1.35","0.90",".318","82.6 %","40.3 %","11.8 %","3.15","3.50","3.78","0.3","17.2 %","8.0 %","15200"
"Luke Weaver","Diamondbacks","3","2","0","9","9","51.1","9.64","2.10","0.88",".294","77.4 %","42.4 %","9.8 %","3.16","3.10","3.68","1.3","26.1 %","11.1 %","16918"
"Julio Urias","Dodgers","2","2","2","9","4","28.1","10.16","2.86","0.64",".270","73.7 %","40.5 %","6.7 %","3.18","3.03","4.08","0.6","26.7 %","13.6 %","14765"
"Marco Gonzales","Mariners","5","2","0","10","10","56.2","6.67","2.54","0.79",".295","68.7 %","41.7 %","6.9 %","3.18","3.67","4.88","1.2","17.5 %","7.8 %","15467"
"Sean Newcomb","Braves","0","0","0","7","3","17.0","5.29","4.24","0.00",".344","79.3 %","42.6 %","0.0 %","3.18","3.34","5.96","0.5","12.7 %","6.3 %","16943"
"Wei-Chieh Huang","Rangers","0","0","0","4","0","5.2","3.18","7.94","0.00",".333","64.3 %","41.7 %","0.0 %","3.18","5.57","8.52","0.0","6.3 %","5.3 %","17508"
"Paul Fry","Orioles","0","1","1","16","0","17.0","6.35","2.65","1.06",".196","77.5 %","62.5 %","20.0 %","3.18","4.28","3.84","0.1","18.2 %","10.1 %","15832"
"Adam Cimber","Indians","2","2","0","20","0","17.0","7.94","2.12","0.53",".234","61.6 %","59.6 %","10.0 %","3.18","2.81","3.13","0.4","22.4 %","11.3 %","15288"
"Chase Anderson","Brewers","2","0","0","7","2","19.2","10.07","4.12","1.37",".265","86.5 %","30.8 %","13.0 %","3.20","4.22","4.41","0.2","26.5 %","10.3 %","6895"
"Justin Miller","Nationals","1","0","0","15","0","14.0","5.79","1.93","2.57",".256","97.0 %","19.0 %","16.7 %","3.21","6.60","6.07","-0.3","15.8 %","8.4 %","8580"
"Adam Kolarek","Rays","2","1","0","20","0","14.0","6.43","3.21","1.29",".262","86.4 %","62.8 %","25.0 %","3.21","4.81","4.02","-0.1","16.7 %","9.6 %","10843"
"Ross Stripling","Dodgers","2","2","0","9","6","36.1","8.92","2.72","0.99",".266","79.1 %","50.0 %","14.3 %","3.22","3.54","3.54","0.7","24.7 %","11.1 %","13273"
"Craig Stammen","Padres","4","1","1","20","0","22.1","6.85","0.81","1.61",".265","81.5 %","47.2 %","16.0 %","3.22","4.18","3.93","0.0","18.7 %","11.0 %","7274"
"Nick Vincent","Giants","0","2","0","15","1","25.0","9.00","2.16","1.08",".310","79.9 %","37.0 %","12.0 %","3.24","3.62","3.92","0.1","23.4 %","11.0 %","7555"
"Max Fried","Braves","5","2","0","10","8","44.1","8.32","1.83","1.22",".299","81.1 %","51.9 %","18.2 %","3.25","3.69","3.31","0.7","22.3 %","10.9 %","13743"
"Jacob deGrom","Mets","3","4","0","8","8","47.0","12.26","2.68","1.15",".299","81.6 %","40.0 %","16.2 %","3.26","3.12","2.92","1.2","33.0 %","15.7 %","10954"
"Tim Mayza","Blue Jays","0","0","0","23","0","19.1","11.17","4.66","0.93",".234","74.3 %","52.2 %","18.2 %","3.26","3.51","3.23","0.2","28.9 %","16.6 %","15042"
"CC Sabathia","Yankees","2","1","0","6","6","30.1","6.82","3.86","2.37",".183","92.7 %","37.5 %","20.0 %","3.26","6.30","5.32","-0.1","18.3 %","7.9 %","404"
"Luis Cessa","Yankees","0","0","0","11","0","19.0","11.84","3.79","1.42",".279","80.8 %","45.7 %","17.6 %","3.32","3.94","3.55","0.2","31.3 %","15.3 %","13345"
"Jake Petricka","Brewers","0","0","0","6","0","8.0","3.38","6.75","0.00",".222","75.0 %","51.9 %","0.0 %","3.38","4.60","5.99","0.0","8.3 %","6.8 %","10534"
"Corbin Martin","Astros","1","0","0","1","1","5.1","15.19","1.69","1.69",".222","76.9 %","40.0 %","25.0 %","3.38","2.73","1.68","0.2","45.0 %","11.3 %","19884"
"Justin Anderson","Angels","2","0","0","13","0","13.1","13.50","3.38","0.68",".286","71.4 %","27.6 %","9.1 %","3.38","2.20","2.76","0.4","37.0 %","13.8 %","16201"
"Wes Parsons","Braves","1","1","0","13","0","13.1","8.10","6.75","0.68",".233","72.3 %","48.4 %","8.3 %","3.38","4.53","5.22","-0.1","22.6 %","7.4 %","14764"
"Joe Biagini","Blue Jays","2","1","1","20","0","18.2","8.68","2.41","1.45",".208","79.7 %","47.1 %","20.0 %","3.38","4.06","3.47","0.1","24.3 %","12.8 %","13194"
"Daniel Stumpf","Tigers","1","0","0","17","0","10.2","10.13","5.06","0.84",".345","83.3 %","33.3 %","7.7 %","3.38","3.76","4.80","0.2","25.0 %","12.1 %","13780"
"Yency Almonte","Rockies","0","0","0","6","0","8.0","4.50","5.63","0.00",".250","66.7 %","29.6 %","0.0 %","3.38","3.98","6.99","0.1","10.8 %","8.1 %","15068"
"Travis Lakins","Red Sox","0","0","0","1","0","2.2","6.75","0.00","0.00",".500","75.0 %","25.0 %","0.0 %","3.38","1.60","4.39","0.1","20.0 %","14.7 %","18600"
"Trevor Williams","Pirates","2","1","0","8","8","50.1","6.62","1.61","0.54",".295","72.2 %","40.6 %","5.7 %","3.40","3.12","4.30","1.4","17.8 %","10.1 %","16977"
"Clayton Kershaw","Dodgers","3","0","0","6","6","39.2","8.17","1.59","1.59",".238","81.6 %","53.3 %","20.6 %","3.40","4.11","3.41","0.5","23.8 %","12.1 %","2036"
"Robbie Erlin","Padres","0","0","0","12","0","18.1","9.82","1.96","0.98",".320","72.9 %","43.1 %","11.8 %","3.44","2.99","3.30","0.2","26.3 %","12.9 %","10354"
"Masahiro Tanaka","Yankees","3","3","0","9","9","52.1","8.08","2.41","1.38",".287","79.2 %","44.7 %","15.1 %","3.44","4.09","3.99","1.0","22.2 %","9.7 %","15764"
"Caleb Ferguson","Dodgers","0","1","0","13","1","13.0","9.69","5.54","2.08",".324","96.0 %","29.7 %","23.1 %","3.46","6.25","5.11","-0.2","23.0 %","9.8 %","19349"
"Scott Alexander","Dodgers","2","1","0","21","0","13.0","6.23","2.77","0.69",".275","76.9 %","65.9 %","16.7 %","3.46","3.87","3.73","0.0","16.4 %","10.2 %","10591"
"Daniel Hudson","Blue Jays","2","1","0","21","1","20.2","8.27","4.35","1.74",".208","83.3 %","42.1 %","15.4 %","3.48","5.37","5.20","-0.2","21.8 %","9.8 %","7146"
"Nate Jones","White Sox","0","1","1","13","0","10.1","8.71","6.10","1.74",".296","92.1 %","51.7 %","20.0 %","3.48","6.00","5.29","-0.2","21.3 %","9.2 %","4696"
"Felix Pena","Angels","2","1","0","8","4","38.2","8.61","1.86","1.63",".220","76.9 %","40.6 %","17.5 %","3.49","4.47","4.04","0.2","23.7 %","13.1 %","13403"
"Tanner Roark","Reds","3","2","0","9","9","46.1","8.35","3.88","0.39",".341","76.3 %","34.8 %","4.3 %","3.50","3.29","4.62","1.1","21.2 %","7.9 %","8753"
"Jose Quintana","Cubs","4","2","0","8","7","46.1","8.94","2.72","1.17",".297","76.6 %","51.9 %","17.6 %","3.50","3.70","3.38","0.8","23.7 %","10.7 %","11423"
"Heath Hembree","Red Sox","0","0","1","19","0","18.0","9.50","4.00","1.50",".255","74.5 %","28.0 %","11.5 %","3.50","4.49","5.01","0.0","24.7 %","15.5 %","11632"
"Wade Miley","Astros","4","2","0","9","9","51.1","6.14","2.28","1.23",".252","79.7 %","49.4 %","13.5 %","3.51","4.33","4.44","0.6","16.6 %","9.3 %","8779"
"Kenta Maeda","Dodgers","5","2","0","9","9","51.1","9.12","3.51","1.05",".267","78.0 %","36.6 %","11.3 %","3.51","3.76","4.16","0.8","24.9 %","14.3 %","18498"
"Jeff Samardzija","Giants","2","1","0","8","8","41.0","7.46","2.85","1.54",".239","80.7 %","28.8 %","11.9 %","3.51","4.61","5.07","0.2","20.4 %","9.2 %","3254"
"Kyle Barraclough","Nationals","0","0","0","20","0","15.1","11.15","4.70","1.17",".350","81.1 %","40.5 %","11.1 %","3.52","4.08","4.56","0.1","27.1 %","10.4 %","13713"
"Lucas Giolito","White Sox","4","1","0","7","7","38.0","10.89","3.79","0.71",".289","69.4 %","35.5 %","8.3 %","3.55","3.05","3.78","1.1","29.5 %","11.9 %","15474"
"Jeremy Jeffress","Brewers","0","1","0","12","0","12.2","8.53","4.26","1.42",".179","78.4 %","36.7 %","16.7 %","3.55","4.68","4.39","0.0","25.0 %","9.1 %","9490"
"Blake Snell","Rays","3","4","0","8","8","43.0","12.98","2.30","1.26",".294","72.3 %","45.1 %","18.2 %","3.56","2.87","2.48","1.2","37.6 %","19.3 %","13543"
"Ryan Brasier","Red Sox","2","2","6","19","0","17.2","8.15","2.04","1.53",".250","77.4 %","32.0 %","12.0 %","3.57","4.52","4.94","0.0","21.9 %","16.9 %","5615"
"Joe Musgrove","Pirates","2","4","0","9","8","47.2","7.55","3.02","0.19",".263","56.8 %","45.6 %","2.2 %","3.59","2.89","4.37","1.2","20.3 %","11.6 %","12970"
"Edwin Jackson","Blue Jays","0","0","0","1","1","5.0","3.60","1.80","1.80",".294","75.8 %","55.6 %","16.7 %","3.60","6.10","5.73","0.0","9.1 %","5.2 %","1841"
"Edgar Garcia","Phillies","0","0","0","4","0","5.0","7.20","7.20","0.00",".357","77.8 %","28.6 %","0.0 %","3.60","3.90","6.87","0.0","18.2 %","10.7 %","19276"
"Shaun Anderson","Giants","0","0","0","1","1","5.0","9.00","5.40","0.00",".154","40.0 %","53.8 %","0.0 %","3.60","2.90","4.01","0.1","23.8 %","7.3 %","19453"
"Cal Quantrill","Padres","0","1","0","2","2","10.0","7.20","2.70","0.00",".394","76.5 %","48.5 %","0.0 %","3.60","2.70","4.56","0.3","17.8 %","11.0 %","19312"
"Juan Nicasio","Phillies","0","1","0","15","0","20.0","8.10","4.05","0.45",".322","69.9 %","55.2 %","6.3 %","3.60","3.45","4.29","0.2","20.5 %","10.1 %","7731"
"Paul Sewald","Mets","0","0","0","3","0","5.0","1.80","3.60","1.80",".188","89.3 %","5.9 %","7.1 %","3.60","7.10","9.70","-0.1","4.8 %","4.4 %","13892"
"Harrison Musgrave","Rockies","0","0","0","10","0","10.0","10.80","6.30","0.00",".321","75.0 %","25.0 %","0.0 %","3.60","2.80","5.40","0.2","25.5 %","9.3 %","16532"
"Yonny Chirinos","Rays","5","1","0","8","4","42.1","6.59","1.70","1.70",".205","73.8 %","38.3 %","17.0 %","3.61","4.80","4.41","0.1","19.3 %","9.3 %","16401"
"Stephen Strasburg","Nationals","3","3","0","9","9","57.0","11.84","2.53","0.95",".288","72.2 %","51.1 %","14.6 %","3.63","2.73","2.70","1.7","32.6 %","15.4 %","10131"
"Daniel Norris","Tigers","2","1","0","8","5","34.2","6.75","2.60","1.30",".324","83.3 %","34.9 %","11.4 %","3.63","4.34","4.82","0.4","17.8 %","7.5 %","13475"
"Cory Gearrin","Mariners","0","1","0","21","0","17.1","10.90","6.23","0.52",".317","79.7 %","42.9 %","6.7 %","3.63","4.02","4.88","0.1","26.9 %","10.5 %","7947"
"Max Scherzer","Nationals","2","4","0","9","9","59.1","11.98","1.52","0.76",".361","69.2 %","43.7 %","9.8 %","3.64","2.24","2.74","2.1","32.2 %","15.7 %","3137"
"Yusei Kikuchi","Mariners","2","1","0","10","10","54.1","7.12","1.99","1.33",".247","68.4 %","46.6 %","14.0 %","3.64","4.09","4.13","0.9","19.8 %","8.7 %","20633"
"Richard Lovelady","Royals","0","0","0","14","0","12.1","8.03","2.92","0.00",".343","70.6 %","62.9 %","0.0 %","3.65","2.53","3.44","0.2","21.6 %","8.1 %","19337"
"Carlos Estevez","Rockies","1","0","0","21","0","19.2","12.36","3.20","1.37",".326","82.6 %","36.7 %","15.0 %","3.66","3.56","3.46","0.3","32.1 %","16.2 %","14542"
"Pat Neshek","Phillies","0","1","2","16","0","14.2","4.30","0.61","1.23",".302","74.1 %","44.4 %","9.5 %","3.68","4.12","5.01","0.1","11.1 %","9.3 %","4682"
"Brandon Woodruff","Brewers","6","1","0","9","9","48.1","10.99","3.17","0.74",".352","76.6 %","39.0 %","9.8 %","3.72","2.98","3.48","1.3","28.8 %","10.9 %","16162"
"Reyes Moronta","Giants","1","3","0","18","0","19.1","14.90","4.66","0.93",".300","76.6 %","31.0 %","10.0 %","3.72","2.84","3.42","0.3","37.7 %","14.5 %","14966"
"Jared Hughes","Reds","2","1","0","20","0","19.1","5.59","2.79","0.93",".268","70.8 %","54.4 %","15.4 %","3.72","4.29","4.19","0.0","15.6 %","8.8 %","9325"
"Alex Claudio","Brewers","1","1","0","25","0","19.1","6.98","3.26","0.93",".222","72.9 %","64.8 %","18.2 %","3.72","4.13","3.85","0.1","19.0 %","9.9 %","12890"
"David Price","Red Sox","1","2","0","6","6","36.0","10.50","2.50","1.25",".306","76.5 %","40.4 %","14.3 %","3.75","3.41","3.41","0.8","29.6 %","13.6 %","3184"
"Aaron Sanchez","Blue Jays","3","4","0","9","9","48.0","8.63","5.06","1.13",".302","75.4 %","48.1 %","14.6 %","3.75","4.75","4.71","0.3","21.7 %","10.0 %","11490"
"Buck Farmer","Tigers","2","2","0","20","0","16.2","10.80","3.24","0.54",".317","71.4 %","58.5 %","11.1 %","3.78","2.74","2.96","0.4","29.0 %","11.7 %","14814"
"Hansel Robles","Angels","1","0","4","21","1","19.0","10.42","2.37","0.95",".255","67.9 %","33.3 %","7.7 %","3.79","2.94","4.12","0.4","29.0 %","12.2 %","11801"
"German Marquez","Rockies","4","2","0","10","10","64.0","9.14","1.69","1.13",".316","76.7 %","53.3 %","17.4 %","3.80","3.40","3.11","1.5","24.5 %","13.8 %","15038"
"Raisel Iglesias","Reds","1","5","8","19","0","21.1","13.08","3.38","1.69",".333","84.8 %","21.6 %","18.2 %","3.80","3.76","3.23","0.3","34.1 %","16.9 %","17130"
"Shane Bieber","Indians","2","2","0","9","8","49.2","9.79","2.36","1.81",".248","78.6 %","39.1 %","17.5 %","3.81","4.45","3.96","0.6","26.5 %","12.3 %","19427"
"Miles Mikolas","Cardinals","4","3","0","9","9","54.0","5.83","1.67","1.33",".241","73.8 %","49.4 %","15.4 %","3.83","4.45","4.32","0.4","16.1 %","7.7 %","9803"
"Steven Matz","Mets","3","2","0","7","7","35.0","8.23","2.31","2.06",".258","75.5 %","45.6 %","20.0 %","3.86","5.10","4.25","0.1","21.8 %","8.5 %","13361"
"Luis Perdomo","Padres","1","0","0","5","0","7.0","9.00","2.57","1.29",".167","65.2 %","36.8 %","11.1 %","3.86","3.81","4.35","0.0","25.0 %","7.5 %","14682"
"Vince Velasquez","Phillies","1","2","0","7","6","30.1","9.49","4.45","2.08",".250","90.1 %","34.6 %","18.4 %","3.86","5.57","4.90","-0.1","24.4 %","9.4 %","11189"
"Adam Warren","Padres","2","1","0","16","0","18.2","8.20","4.34","2.89",".156","100.0 %","48.0 %","33.3 %","3.86","6.90","4.52","-0.6","22.1 %","10.1 %","9029"
"A.J. Cole","Indians","0","1","0","2","0","2.1","7.71","3.86","0.00",".250","66.7 %","42.9 %","0.0 %","3.86","2.67","5.06","0.0","18.2 %","12.0 %","11467"
"Victor Arano","Phillies","1","0","0","3","0","4.2","13.50","3.86","1.93",".167","76.9 %","28.6 %","33.3 %","3.86","4.17","2.58","0.0","43.8 %","25.0 %","15915"
"John Curtiss","Angels","0","0","0","1","0","2.1","3.86","11.57","0.00",".250","80.0 %","50.0 %","0.0 %","3.86","6.10","8.49","0.0","8.3 %","10.4 %","16128"
"T.J. McFarland","Diamondbacks","0","0","0","4","0","4.2","3.86","1.93","1.93",".250","87.0 %","50.0 %","33.3 %","3.86","5.67","4.08","-0.1","10.0 %","9.7 %","3237"
"Andrew Chafin","Diamondbacks","0","1","0","21","0","14.0","10.29","3.86","1.29",".364","82.4 %","51.5 %","25.0 %","3.86","4.17","3.38","0.0","27.6 %","16.7 %","12988"
"Gerrit Cole","Astros","4","4","0","9","9","55.2","13.90","2.43","1.46",".288","64.5 %","38.7 %","20.0 %","3.88","2.92","2.32","1.5","38.9 %","16.3 %","13125"
"Josh Tomlin","Braves","1","0","0","13","0","20.2","6.10","0.87","1.74",".230","69.4 %","42.2 %","16.0 %","3.92","4.55","4.28","-0.1","17.3 %","8.4 %","9388"
"David Hernandez","Reds","0","2","1","21","0","20.2","10.89","3.92","0.44",".352","72.5 %","30.8 %","4.2 %","3.92","2.62","4.14","0.7","28.1 %","15.6 %","4259"
"Yimi Garcia","Dodgers","0","1","0","18","0","18.1","8.84","3.44","1.47",".143","65.2 %","40.9 %","13.6 %","3.93","4.74","4.84","0.0","25.0 %","13.5 %","12095"
"Hector Velazquez","Red Sox","1","2","0","12","6","27.1","7.24","3.95","0.99",".274","73.2 %","41.3 %","10.3 %","3.95","4.45","5.00","0.3","19.6 %","8.7 %","19341"
"Danny Duffy","Royals","2","1","0","4","4","22.2","7.15","3.18","0.79",".333","76.2 %","45.6 %","9.1 %","3.97","3.85","4.51","0.4","19.0 %","8.7 %","3542"
"Tyler Mahle","Reds","0","5","0","8","8","45.1","9.73","1.79","1.39",".322","76.9 %","44.0 %","19.4 %","3.97","3.54","3.01","0.9","26.8 %","9.4 %","16358"
"Kenley Jansen","Dodgers","2","1","14","20","0","20.1","12.39","2.21","1.77",".255","64.9 %","34.0 %","16.7 %","3.98","3.64","3.28","0.4","33.3 %","15.3 %","3096"
"Mike Leake","Mariners","3","4","0","9","9","54.0","6.83","1.67","1.83",".308","75.5 %","44.7 %","16.7 %","4.00","4.90","4.52","0.3","17.6 %","8.4 %","10130"
"Nick Anderson","Marlins","0","1","0","18","0","18.0","16.50","3.00","1.50",".394","79.8 %","31.4 %","27.3 %","4.00","2.77","1.74","0.4","43.4 %","20.3 %","18337"
"Brad Peacock","Astros","4","2","0","9","7","42.2","8.65","2.95","0.84",".259","66.8 %","39.2 %","7.8 %","4.01","3.45","4.45","0.9","23.3 %","9.2 %","5401"
"Jake Arrieta","Phillies","4","4","0","9","9","56.0","7.55","3.70","1.29",".284","74.9 %","51.9 %","16.3 %","4.02","4.67","4.44","0.4","19.9 %","7.9 %","4153"
"Madison Bumgarner","Giants","2","4","0","9","9","55.2","9.38","1.29","1.29",".320","64.5 %","36.4 %","14.0 %","4.04","3.42","3.46","0.9","25.3 %","11.7 %","5524"
"Drew Gagnon","Mets","1","0","0","6","0","11.0","7.36","0.82","0.82",".286","60.3 %","38.9 %","6.3 %","4.09","3.19","4.71","0.3","19.2 %","12.7 %","12545"
"Andrew Cashner","Orioles","4","2","0","9","9","48.1","7.45","3.35","1.49",".270","75.8 %","51.7 %","15.1 %","4.10","4.71","4.60","0.4","19.3 %","9.2 %","8782"
"Jameson Taillon","Pirates","2","3","0","7","7","37.1","7.23","1.93","0.96",".263","52.1 %","49.6 %","12.9 %","4.10","3.69","3.84","0.7","19.0 %","11.9 %","11674"
"Nick Margevicius","Padres","2","4","0","8","8","41.1","6.75","3.05","1.52",".262","75.8 %","44.8 %","15.6 %","4.14","5.04","4.86","0.1","17.5 %","10.7 %","20395"
"Adam Wainwright","Cardinals","3","3","0","8","8","43.1","7.68","2.91","1.45",".273","76.3 %","50.8 %","18.9 %","4.15","4.67","4.16","0.3","20.3 %","6.9 %","2233"
"Walker Buehler","Dodgers","4","0","0","8","8","43.1","8.10","2.08","0.83",".265","61.9 %","39.8 %","9.1 %","4.15","3.26","3.95","0.9","22.8 %","10.0 %","19374"
"Josh Lucas","Orioles","0","0","0","3","0","4.1","8.31","2.08","2.08",".250","55.6 %","38.5 %","16.7 %","4.15","4.95","4.52","0.0","22.2 %","7.5 %","11686"
"Joe Jimenez","Tigers","2","1","0","19","0","17.1","13.50","4.15","2.08",".324","87.6 %","31.6 %","26.7 %","4.15","4.83","3.44","0.0","35.1 %","17.2 %","15761"
"Anthony DeSclafani","Reds","2","1","0","8","8","41.0","10.10","3.07","1.54",".276","75.8 %","35.8 %","14.3 %","4.17","4.25","4.25","0.5","26.4 %","10.7 %","13050"
"Carlos Carrasco","Indians","4","3","0","9","9","47.1","11.79","1.33","1.52",".345","75.9 %","37.7 %","15.7 %","4.18","3.18","2.99","1.3","32.0 %","14.5 %","6632"
"Matt Andriese","Diamondbacks","3","2","1","15","0","23.2","9.89","4.56","1.14",".267","76.4 %","57.1 %","20.0 %","4.18","4.33","3.86","0.0","25.2 %","9.0 %","12022"
"Rich Hill","Dodgers","0","1","0","3","3","15.0","8.40","1.80","3.00",".286","73.3 %","43.2 %","26.3 %","4.20","6.57","4.59","-0.1","21.2 %","7.5 %","4806"
"Matt Wisler","Padres","1","1","0","8","0","15.0","10.20","2.40","1.80",".317","82.3 %","42.9 %","20.0 %","4.20","4.23","3.49","0.0","26.2 %","12.4 %","12804"
"Tyler Olson","Indians","1","0","0","15","0","10.2","6.75","5.06","0.00",".412","75.0 %","48.5 %","0.0 %","4.22","3.29","4.86","0.2","16.7 %","8.4 %","14741"
"Chris Sale","Red Sox","1","5","0","9","9","51.0","12.88","1.94","1.41",".297","68.4 %","43.6 %","18.2 %","4.24","3.28","2.84","1.2","34.9 %","14.5 %","10603"
"Giovanny Gallegos","Cardinals","1","0","0","15","0","17.0","15.35","2.65","1.59",".300","72.5 %","33.3 %","20.0 %","4.24","3.04","2.39","0.2","42.7 %","17.5 %","14986"
"Jon Gray","Rockies","3","3","0","8","8","48.2","9.43","3.51","1.66",".303","80.9 %","48.4 %","24.3 %","4.25","4.70","3.71","0.5","25.1 %","12.3 %","14916"
"Kyle Gibson","Twins","4","1","0","8","8","44.1","9.14","2.64","1.22",".294","65.1 %","50.8 %","19.4 %","4.26","3.84","3.38","0.8","24.3 %","12.4 %","10123"
"Julio Teheran","Braves","2","4","0","9","9","50.2","9.24","3.91","1.42",".269","77.1 %","40.0 %","14.5 %","4.26","4.52","4.49","0.4","24.3 %","11.4 %","6797"
"Sonny Gray","Reds","0","4","0","9","9","44.0","9.82","3.27","0.82",".281","63.3 %","54.8 %","12.5 %","4.30","3.26","3.43","1.0","26.2 %","9.8 %","12768"
"Framber Valdez","Astros","1","1","0","10","0","16.2","8.10","4.86","0.54",".304","72.0 %","54.3 %","9.1 %","4.32","3.88","4.33","0.1","20.8 %","7.8 %","17295"
"Richard Rodriguez","Pirates","0","2","1","21","0","18.2","7.71","3.86","3.38",".245","93.8 %","38.3 %","25.9 %","4.34","7.71","5.52","-0.8","18.8 %","8.7 %","13549"
"Jack Flaherty","Cardinals","4","3","0","9","9","47.2","10.01","3.40","1.51",".285","74.8 %","39.2 %","18.2 %","4.34","4.25","3.79","0.6","26.1 %","12.4 %","17479"
"Zack Wheeler","Mets","3","2","0","8","8","49.2","10.51","3.44","0.54",".336","68.5 %","51.1 %","7.9 %","4.35","2.70","3.33","1.6","27.1 %","11.0 %","10310"
"Brett Anderson","Athletics","4","3","0","9","9","49.0","4.96","3.67","0.73",".276","70.3 %","50.3 %","8.3 %","4.41","4.41","5.16","0.5","12.5 %","8.5 %","8223"
"J.A. Happ","Yankees","3","3","0","9","9","48.2","6.84","2.22","2.03",".254","80.7 %","39.9 %","17.7 %","4.44","5.38","4.81","0.3","18.5 %","9.9 %","7410"
"Jose Urena","Marlins","1","6","0","9","9","52.2","5.81","2.73","1.20",".315","71.9 %","51.4 %","13.5 %","4.44","4.56","4.67","0.4","15.0 %","8.2 %","11589"
"Trevor Richards","Marlins","0","5","0","8","8","42.1","8.50","4.89","1.49",".248","78.1 %","35.9 %","12.3 %","4.46","5.20","5.55","0.0","21.5 %","13.3 %","19309"
"Brad Keller","Royals","2","4","0","9","9","52.1","6.71","5.50","0.52",".263","69.9 %","50.3 %","7.9 %","4.47","4.48","5.08","0.5","16.9 %","8.4 %","15734"
"Sam Freeman","Angels","0","0","0","1","0","2.0","0.00","9.00","4.50",".250","100.0 %","44.4 %","50.0 %","4.50","12.60","7.96","-0.1","0.0 %","0.0 %","6832"
"Kevin Gausman","Braves","2","3","0","8","8","42.0","9.86","3.64","1.07",".278","63.8 %","38.7 %","12.5 %","4.50","3.81","4.04","0.7","25.8 %","12.9 %","14107"
"Jonathan Loaisiga","Yankees","1","1","0","4","3","14.0","8.36","5.14","1.29",".282","76.9 %","39.0 %","11.8 %","4.50","4.81","5.21","0.1","21.0 %","15.2 %","19753"
"Wade LeBlanc","Mariners","2","0","0","3","3","16.0","6.75","2.81","1.13",".333","69.0 %","35.6 %","7.7 %","4.50","4.16","5.56","0.2","15.8 %","9.5 %","5221"
"Travis Bergen","Giants","2","0","0","17","0","16.0","7.88","3.94","1.13",".256","71.4 %","40.0 %","11.1 %","4.50","4.48","4.94","-0.1","20.9 %","6.8 %","18581"
"Seranthony Dominguez","Phillies","3","0","0","18","0","16.0","12.38","2.81","1.13",".381","70.8 %","54.5 %","14.3 %","4.50","3.10","3.10","0.3","30.6 %","15.4 %","19249"
"Jake Newberry","Royals","0","0","0","11","0","16.0","7.31","1.69","2.81",".261","92.3 %","35.3 %","18.5 %","4.50","6.10","5.17","-0.2","19.4 %","13.1 %","15136"
"Jonathan Holder","Yankees","2","1","0","15","0","20.0","9.90","2.70","0.90",".327","66.1 %","38.6 %","9.5 %","4.50","3.25","3.90","0.5","25.6 %","12.3 %","16588"
"Matt Albers","Brewers","2","1","0","18","0","18.0","10.50","2.50","1.50",".319","75.8 %","53.1 %","21.4 %","4.50","3.93","3.21","0.2","27.3 %","8.5 %","4300"
"Ryan Buchter","Athletics","0","1","0","22","0","14.0","12.86","7.07","1.29",".382","78.5 %","17.1 %","12.5 %","4.50","4.67","4.94","0.0","29.4 %","14.2 %","9456"
"Jhoulys Chacin","Brewers","3","4","0","9","9","45.1","6.55","4.17","1.59",".222","73.2 %","38.9 %","14.5 %","4.57","5.46","5.42","0.0","17.4 %","7.5 %","2608"
"Joey Lucchesi","Padres","3","2","0","8","8","41.1","8.71","2.83","0.87",".317","67.5 %","49.6 %","10.0 %","4.57","3.37","3.91","0.8","22.2 %","11.0 %","19320"
"Victor Alcantara","Tigers","2","0","0","21","0","17.2","6.11","4.08","2.04",".291","85.5 %","40.7 %","16.0 %","4.58","6.21","5.90","-0.2","15.0 %","10.2 %","15028"
"Ryan Burr","White Sox","1","0","0","13","0","15.2","7.47","3.45","1.72",".222","60.8 %","48.9 %","15.8 %","4.60","5.08","4.84","-0.1","19.4 %","7.3 %","17536"
"Dakota Hudson","Cardinals","2","3","1","9","8","41.0","6.80","4.39","1.98",".331","73.3 %","60.7 %","31.0 %","4.61","5.98","4.44","-0.4","16.0 %","9.6 %","19206"
"Chasen Bradford","Mariners","0","0","1","10","0","13.2","6.59","1.98","2.63",".256","87.7 %","48.8 %","26.7 %","4.61","6.10","4.33","-0.2","17.9 %","10.0 %","12452"
"Kyle Ryan","Cubs","0","0","0","17","0","13.2","10.54","3.95","0.00",".333","55.6 %","52.8 %","0.0 %","4.61","2.08","2.76","0.4","27.6 %","12.3 %","11753"
"Keone Kela","Pirates","1","0","0","14","0","11.2","8.49","3.09","2.31",".250","83.3 %","37.1 %","18.8 %","4.63","5.59","4.79","-0.1","22.0 %","9.1 %","14696"
"Edubray Ramos","Phillies","0","0","0","12","0","9.2","6.52","3.72","0.93",".367","70.5 %","33.3 %","7.1 %","4.66","4.55","5.89","0.0","16.3 %","9.0 %","16086"
"Merrill Kelly","Diamondbacks","3","4","0","8","8","46.0","7.04","3.33","1.57",".297","77.1 %","44.1 %","16.7 %","4.70","4.97","4.65","0.2","18.0 %","9.2 %","11156"
"Jose Alvarez","Phillies","0","1","1","16","0","15.1","6.46","2.35","1.76",".347","72.1 %","46.2 %","16.7 %","4.70","5.19","4.82","-0.1","16.2 %","11.9 %","5358"
"Noah Syndergaard","Mets","3","3","0","9","9","57.0","9.47","2.05","1.26",".325","64.1 %","52.2 %","15.4 %","4.74","3.61","3.48","1.1","25.6 %","11.3 %","11762"
"Trent Thornton","Blue Jays","1","4","0","9","9","43.0","9.63","4.40","1.67",".275","75.3 %","32.2 %","18.6 %","4.81","4.84","4.28","0.3","25.0 %","10.5 %","17948"
"Branden Kline","Orioles","1","1","0","6","0","9.1","6.75","1.93","2.89",".154","83.3 %","25.0 %","27.3 %","4.82","6.42","4.43","-0.1","18.4 %","8.1 %","14101"
"Justin Wilson","Mets","1","1","1","10","0","9.1","8.68","3.86","1.93",".280","73.8 %","52.0 %","25.0 %","4.82","5.89","4.69","-0.2","21.4 %","10.2 %","4301"
"Homer Bailey","Royals","4","3","0","8","8","41.0","8.34","3.51","0.88",".298","66.1 %","44.4 %","11.4 %","4.83","3.69","4.00","0.8","22.1 %","10.2 %","8362"
"Aaron Nola","Phillies","3","0","0","9","9","46.1","9.32","3.88","1.75",".341","78.5 %","45.9 %","22.5 %","4.86","5.04","4.12","0.1","23.3 %","8.2 %","16149"
"Eduardo Rodriguez","Red Sox","4","2","0","9","9","49.2","10.15","2.90","0.72",".364","65.3 %","45.8 %","9.5 %","4.89","2.98","3.50","1.3","25.7 %","13.2 %","13164"
"Archie Bradley","Diamondbacks","2","3","0","17","0","18.1","11.78","4.91","0.98",".426","72.3 %","49.1 %","13.3 %","4.91","3.70","3.80","0.2","26.4 %","10.4 %","12918"
"Javy Guerra","Blue Jays","0","0","0","10","0","11.0","10.64","4.09","0.82",".321","68.5 %","28.6 %","8.3 %","4.91","3.56","4.40","0.1","27.1 %","7.5 %","7407"
"Allen Webster","Cubs","0","0","1","12","0","11.0","7.36","4.09","1.64",".343","75.6 %","56.8 %","22.2 %","4.91","5.46","4.62","-0.1","17.3 %","17.5 %","3993"
"Michael Wacha","Cardinals","3","1","0","8","8","42.0","8.36","5.57","1.71",".294","76.1 %","42.9 %","19.0 %","4.93","5.58","4.96","-0.1","20.3 %","8.5 %","14078"
"Mike Dunn","Rockies","1","0","0","20","0","12.2","8.53","2.84","0.71",".265","55.6 %","39.4 %","6.3 %","4.97","3.18","4.50","0.3","23.5 %","11.4 %","9948"
"Oliver Perez","Indians","0","0","0","17","0","9.0","12.00","3.00","2.00",".348","80.4 %","36.0 %","18.2 %","5.00","4.66","4.04","0.0","29.3 %","15.5 %","1514"
"Andrew Miller","Cardinals","1","2","1","19","0","14.1","12.56","5.65","2.51",".323","78.4 %","34.3 %","36.4 %","5.02","6.45","4.25","-0.4","29.9 %","11.9 %","6785"
"Tyler Skaggs","Angels","4","3","0","7","7","35.2","8.33","3.28","1.51",".307","70.4 %","31.7 %","14.0 %","5.05","4.61","4.67","0.4","21.4 %","8.1 %","10190"
"Dereck Rodriguez","Giants","3","5","0","8","8","41.0","6.15","3.73","1.98",".268","66.1 %","42.4 %","20.5 %","5.05","5.91","5.05","-0.4","15.4 %","7.3 %","14509"
"Neil Ramirez","Indians","0","1","0","15","0","16.0","10.13","5.06","2.81",".256","82.4 %","25.0 %","19.2 %","5.06","6.60","5.56","-0.2","25.4 %","14.4 %","7677"
"Pedro Strop","Cubs","1","2","4","12","0","10.2","9.28","4.22","0.84",".250","56.6 %","60.0 %","12.5 %","5.06","3.66","3.84","0.1","26.8 %","15.8 %","4070"
"Derek Law","Blue Jays","0","0","0","4","0","5.1","13.50","6.75","0.00",".357","55.6 %","76.9 %","0.0 %","5.06","2.35","3.05","0.1","30.8 %","17.0 %","13133"
"Sandy Alcantara","Marlins","1","4","0","8","8","44.0","5.73","4.70","1.23",".305","69.7 %","45.4 %","12.2 %","5.11","5.24","5.53","0.0","14.1 %","11.1 %","18684"
"Mike Fiers","Athletics","3","3","0","10","10","51.0","6.71","2.82","1.59",".250","69.3 %","43.5 %","13.4 %","5.12","5.08","5.23","0.3","17.7 %","7.4 %","7754"
"Yu Darvish","Cubs","2","3","0","9","9","42.0","11.79","7.07","1.71",".290","76.9 %","49.5 %","26.7 %","5.14","5.53","4.38","-0.1","28.7 %","12.2 %","13074"
"Joakim Soria","Athletics","1","3","0","20","0","21.0","10.29","3.43","0.00",".304","55.6 %","36.4 %","0.0 %","5.14","2.24","4.19","0.6","26.7 %","12.2 %","6941"
"Yefry Ramirez","Orioles","0","1","0","3","0","7.0","10.29","6.43","1.29",".286","75.5 %","53.3 %","20.0 %","5.14","5.67","5.14","-0.1","26.7 %","10.4 %","15655"
"Rick Porcello","Red Sox","3","3","0","8","8","43.2","8.24","3.71","1.65",".297","65.1 %","38.8 %","14.3 %","5.15","4.96","4.96","0.3","20.5 %","8.5 %","2717"
"Carlos Rodon","White Sox","3","2","0","7","7","34.2","11.94","4.41","1.04",".322","63.9 %","43.0 %","11.4 %","5.19","3.50","3.88","0.8","29.1 %","12.1 %","16137"
"Joshua James","Astros","0","0","0","15","0","20.2","13.94","5.23","1.74",".289","68.4 %","35.7 %","21.1 %","5.23","4.55","3.74","0.0","36.4 %","16.3 %","16794"
"Josh Osich","White Sox","0","0","0","9","0","10.1","9.58","3.48","3.48",".292","95.7 %","35.7 %","28.6 %","5.23","7.16","4.65","-0.2","25.6 %","9.7 %","11528"
"Adrian Sampson","Rangers","0","3","0","9","5","36.0","5.75","2.75","1.75",".330","75.7 %","36.4 %","14.0 %","5.25","5.60","5.65","0.0","14.4 %","9.2 %","13339"
"Jeffrey Springs","Rangers","2","0","0","9","0","12.0","9.00","7.50","0.00",".343","68.2 %","20.0 %","0.0 %","5.25","3.60","5.77","0.1","21.1 %","12.0 %","17677"
"Anibal Sanchez","Nationals","0","6","0","8","8","41.0","8.56","5.27","1.32",".310","71.0 %","31.5 %","11.3 %","5.27","4.86","5.36","0.2","20.0 %","10.0 %","3284"
"Jace Fry","White Sox","1","1","0","18","0","15.1","12.91","6.46","0.59",".343","62.0 %","62.9 %","16.7 %","5.28","3.23","3.11","0.2","31.9 %","13.6 %","16159"
"Elvis Luciano","Blue Jays","1","0","0","13","0","17.0","7.94","8.47","1.06",".306","78.3 %","39.2 %","9.1 %","5.29","6.22","7.09","-0.2","17.7 %","9.7 %","20632"
"Dylan Bundy","Orioles","1","5","0","8","8","40.2","8.85","3.54","2.43",".250","74.5 %","33.0 %","20.0 %","5.31","6.13","5.12","-0.1","22.9 %","13.4 %","12917"
"Antonio Senzatela","Rockies","3","2","0","6","6","33.2","6.15","2.94","1.60",".294","70.7 %","52.8 %","24.0 %","5.35","5.12","4.18","0.2","16.1 %","7.0 %","15488"
"Aaron Brooks","Athletics","2","3","0","7","6","35.1","7.39","3.31","2.29",".267","74.2 %","41.3 %","20.0 %","5.35","5.87","4.93","-0.2","19.1 %","8.5 %","12272"
"David Robertson","Phillies","0","1","0","7","0","6.2","8.10","8.10","1.35",".350","79.4 %","33.3 %","11.1 %","5.40","5.95","6.51","-0.1","18.2 %","11.0 %","8241"
"Mike Montgomery","Cubs","1","0","0","6","0","8.1","6.48","3.24","2.16",".407","75.8 %","42.9 %","50.0 %","5.40","5.86","3.63","-0.1","15.8 %","11.4 %","4869"
"Joe Harvey","Yankees","1","0","0","8","0","8.1","9.72","5.40","1.08",".360","66.2 %","46.2 %","10.0 %","5.40","4.30","4.97","0.0","22.5 %","10.8 %","16459"
"Luke Gregerson","Cardinals","0","0","0","5","0","5.0","3.60","1.80","0.00",".389","62.5 %","44.4 %","0.0 %","5.40","2.90","4.39","0.1","9.5 %","5.9 %","4090"
"Ryan Tepera","Blue Jays","0","2","0","11","0","10.0","6.30","4.50","1.80",".233","71.4 %","38.7 %","16.7 %","5.40","5.80","5.43","-0.1","15.9 %","15.5 %","10291"
"Jose Ruiz","White Sox","0","0","0","11","0","10.0","7.20","4.50","1.80",".432","84.9 %","23.7 %","11.8 %","5.40","5.90","6.46","-0.1","15.1 %","10.6 %","14552"
"Jesse Biddle","Braves","0","1","0","15","0","11.2","8.49","7.71","0.77",".405","63.9 %","43.9 %","7.7 %","5.40","4.90","5.86","-0.1","17.2 %","8.0 %","11437"
"Mike Mayers","Cardinals","0","1","0","8","0","8.1","8.64","5.40","2.16",".320","83.3 %","18.5 %","14.3 %","5.40","6.46","6.46","-0.1","19.5 %","12.4 %","15451"
"Lance Lynn","Rangers","4","3","0","8","8","47.2","8.31","3.21","1.13",".338","68.1 %","38.2 %","11.3 %","5.48","4.09","4.52","0.9","20.9 %","9.2 %","2520"
"Kelvin Herrera","White Sox","0","2","0","19","0","18.0","9.00","3.00","1.00",".315","63.1 %","40.0 %","8.7 %","5.50","3.54","4.47","0.3","22.5 %","11.0 %","6033"
"Brad Boxberger","Royals","0","3","1","16","0","16.1","8.82","5.51","1.65",".262","70.7 %","34.1 %","14.3 %","5.51","5.37","5.37","-0.2","22.5 %","11.6 %","10133"
"Cody Allen","Angels","0","2","4","15","0","13.0","11.08","9.00","2.77",".212","87.0 %","25.0 %","19.0 %","5.54","7.64","6.64","-0.4","24.2 %","9.8 %","12183"
"J.B. Wendelken","Athletics","0","1","0","18","0","21.0","9.86","2.57","0.86",".305","53.7 %","31.7 %","6.7 %","5.57","3.15","4.56","0.3","25.3 %","11.2 %","14506"
"Chris Archer","Pirates","1","3","0","6","6","30.2","9.98","4.70","1.76",".276","67.4 %","32.9 %","16.2 %","5.58","5.09","4.79","0.1","25.6 %","12.0 %","6345"
"David Hess","Orioles","1","5","0","9","8","40.1","7.36","3.12","3.12",".214","71.0 %","25.8 %","20.3 %","5.58","7.02","5.68","-0.4","19.1 %","7.8 %","16130"
"Reynaldo Lopez","White Sox","3","4","0","9","9","50.0","9.54","4.14","1.80",".331","69.7 %","30.1 %","12.5 %","5.58","5.08","5.45","0.4","23.7 %","11.5 %","16400"
"Tyler Kinley","Marlins","0","0","0","20","0","19.1","11.17","6.98","1.40",".375","76.2 %","36.0 %","15.8 %","5.59","5.12","4.93","-0.2","26.4 %","15.0 %","18297"
"Fernando Romero","Twins","0","0","0","7","0","8.0","9.00","3.38","2.25",".364","80.4 %","58.3 %","33.3 %","5.63","5.85","3.99","-0.1","22.2 %","11.5 %","15885"
"Griffin Canning","Angels","1","1","0","3","3","14.1","11.93","3.77","2.51",".273","74.6 %","37.8 %","22.2 %","5.65","5.33","4.04","0.0","30.7 %","17.8 %","19867"
"Yoshihisa Hirano","Diamondbacks","1","1","1","19","0","14.1","11.93","2.51","0.63",".429","57.5 %","40.5 %","7.7 %","5.65","2.40","3.18","0.4","28.4 %","15.3 %","19756"
"Josh A. Smith","Red Sox","0","1","0","3","1","6.1","7.11","2.84","1.42",".286","65.8 %","42.9 %","20.0 %","5.68","4.52","3.94","0.0","17.2 %","11.8 %","10946"
"Kyle Freeland","Rockies","2","5","0","9","9","50.2","7.82","3.73","2.13",".240","65.8 %","42.7 %","19.0 %","5.68","5.80","5.04","0.0","19.6 %","10.5 %","16256"
"Anthony Swarzak","Mariners","2","2","3","14","0","12.2","10.66","5.68","4.26",".250","80.9 %","39.5 %","40.0 %","5.68","8.78","4.83","-0.8","24.6 %","11.0 %","7466"
"Eric Lauer","Padres","2","4","0","8","8","40.2","7.75","3.10","1.55",".314","65.0 %","42.1 %","14.0 %","5.75","4.65","4.70","0.3","19.8 %","7.4 %","19316"
"Jakob Junis","Royals","3","4","0","9","9","48.1","7.63","3.54","1.49",".327","67.4 %","46.8 %","16.7 %","5.77","4.92","4.61","0.2","18.8 %","9.8 %","13619"
"Blaine Hardy","Tigers","1","0","0","10","0","14.0","5.14","1.29","1.29",".171","24.4 %","51.2 %","13.3 %","5.79","4.24","4.38","0.1","15.1 %","9.1 %","6499"
"Corey Kluber","Indians","2","3","0","7","7","35.2","9.59","3.79","1.01",".370","63.8 %","40.0 %","9.8 %","5.80","3.94","4.62","0.6","22.6 %","12.3 %","2429"
"Michael Pineda","Twins","2","3","0","8","8","40.0","7.88","2.03","2.25",".328","71.1 %","34.1 %","17.9 %","5.85","5.35","4.70","0.1","20.1 %","11.7 %","5372"
"Jeurys Familia","Mets","2","0","0","15","0","15.1","9.39","7.63","1.17",".350","70.9 %","58.5 %","18.2 %","5.87","5.64","5.28","-0.2","21.9 %","11.7 %","5114"
"Dylan Covey","White Sox","0","2","0","4","2","10.2","4.22","8.44","1.69",".229","69.8 %","27.8 %","12.5 %","5.91","7.41","7.76","-0.2","9.6 %","7.1 %","14825"
"Jason Vargas","Mets","1","2","0","7","6","24.1","7.40","4.44","1.85",".284","71.9 %","38.7 %","14.7 %","5.92","5.73","5.65","0.0","17.9 %","7.8 %","8044"
"Pablo Lopez","Marlins","2","5","0","8","8","41.0","9.22","2.41","1.10",".325","58.8 %","51.7 %","14.3 %","5.93","3.81","3.81","0.7","23.7 %","11.2 %","17085"
"Jordan Zimmermann","Tigers","0","4","0","6","6","30.1","6.23","3.26","1.78",".267","61.4 %","40.6 %","15.0 %","5.93","5.38","5.25","0.1","16.4 %","8.8 %","4505"
"Drew Pomeranz","Giants","1","4","0","7","7","30.1","9.79","3.86","2.37",".341","77.3 %","44.3 %","28.6 %","5.93","5.74","4.02","-0.3","24.1 %","8.5 %","11426"
"Chris Devenski","Astros","0","0","0","15","0","16.2","8.64","2.16","2.16",".333","72.2 %","28.3 %","15.4 %","5.94","5.02","4.80","0.0","21.3 %","10.8 %","12763"
"Jeremy Hellickson","Nationals","2","2","0","8","7","36.0","7.25","4.25","2.00",".310","65.6 %","40.0 %","16.7 %","6.00","5.79","5.38","-0.1","17.4 %","6.1 %","4371"
"Nathan Eovaldi","Red Sox","0","0","0","4","4","21.0","6.86","4.71","2.57",".254","73.2 %","47.7 %","25.0 %","6.00","7.01","5.41","-0.3","17.2 %","8.5 %","9132"
"Kohl Stewart","Twins","1","1","0","2","2","12.0","2.25","3.75","2.25",".268","74.3 %","55.8 %","27.3 %","6.00","7.10","5.55","-0.2","5.8 %","7.2 %","15502"
"Justus Sheffield","Mariners","0","0","0","1","0","3.0","9.00","12.00","3.00",".167","87.0 %","57.1 %","33.3 %","6.00","9.43","6.96","-0.1","21.4 %","9.3 %","17285"
"Enyel De Los Santos","Phillies","0","0","0","2","0","3.0","15.00","0.00","3.00",".429","76.9 %","37.5 %","50.0 %","6.00","4.10","1.01","0.0","38.5 %","12.5 %","18403"
"Colten Brewer","Red Sox","0","2","0","17","0","15.0","9.60","6.00","0.60",".326","65.0 %","52.3 %","7.7 %","6.00","4.03","4.78","0.0","22.5 %","11.6 %","12997"
"Tony Sipp","Nationals","1","1","0","17","0","9.0","8.00","4.00","0.00",".321","57.1 %","35.7 %","0.0 %","6.00","2.99","5.47","0.2","19.5 %","10.1 %","8280"
"Collin McHugh","Astros","3","4","0","10","8","44.2","9.67","3.22","1.81",".261","59.5 %","39.0 %","20.9 %","6.04","4.85","4.02","0.2","25.1 %","12.0 %","7531"
"Brad Wieck","Padres","0","0","0","16","0","13.1","11.48","2.03","2.70",".343","76.4 %","38.5 %","25.0 %","6.08","5.35","3.68","-0.2","28.3 %","11.4 %","16390"
"Adrian Houser","Brewers","0","1","0","5","2","10.1","7.84","3.48","2.61",".387","82.3 %","60.6 %","60.0 %","6.10","6.58","3.71","-0.2","18.8 %","7.6 %","12718"
"Taylor Williams","Brewers","1","1","0","6","0","10.1","7.84","2.61","0.87",".375","64.1 %","67.7 %","33.3 %","6.10","3.78","3.06","0.0","19.6 %","10.7 %","14899"
"Tyson Ross","Tigers","1","5","0","7","7","35.1","6.37","4.58","1.78",".306","63.8 %","51.3 %","22.6 %","6.11","5.87","4.93","-0.1","15.4 %","7.1 %","7872"
"Jimmy Yacabonis","Orioles","1","1","0","11","0","17.2","4.58","3.57","2.04",".298","72.7 %","31.1 %","13.3 %","6.11","6.38","6.59","-0.3","11.5 %","6.1 %","15157"
"Freddy Peralta","Brewers","2","1","0","7","6","30.2","10.27","3.52","2.05",".341","64.0 %","30.5 %","16.7 %","6.16","5.15","4.73","0.2","23.8 %","9.9 %","18679"
"Wander Suero","Nationals","1","3","0","18","0","16.0","11.81","3.94","0.56",".297","48.4 %","45.9 %","8.3 %","6.19","2.79","3.37","0.3","31.3 %","15.5 %","15855"
"Jesse Chavez","Rangers","0","1","0","18","1","20.1","7.08","3.54","2.66",".323","76.9 %","44.9 %","25.0 %","6.20","6.84","5.19","-0.4","16.5 %","6.5 %","5448"
"Sergio Romo","Marlins","1","0","6","14","0","13.0","9.69","6.23","2.08",".242","69.6 %","33.3 %","15.8 %","6.23","6.02","5.74","-0.4","23.7 %","14.4 %","9817"
"Jacob Barnes","Brewers","1","1","0","15","1","14.1","11.93","5.65","1.26",".316","54.5 %","40.0 %","15.4 %","6.28","4.15","4.02","0.0","27.9 %","9.5 %","12323"
"Drew Steckenrider","Marlins","0","2","0","15","0","14.1","8.79","3.14","3.77",".094","75.8 %","31.6 %","24.0 %","6.28","7.84","5.64","-0.6","24.1 %","9.3 %","18806"
"Reed Garrett","Tigers","0","0","0","12","0","14.1","5.65","7.53","1.26",".400","72.9 %","44.7 %","9.5 %","6.28","6.38","7.29","-0.2","13.0 %","7.8 %","16866"
"Jorge Lopez","Royals","0","5","0","9","9","48.2","8.51","3.51","2.22",".309","68.6 %","39.2 %","24.0 %","6.29","5.89","4.60","-0.3","21.1 %","9.2 %","14527"
"Ivan Nova","White Sox","2","3","0","8","8","44.1","6.29","2.44","1.42",".365","67.0 %","42.8 %","15.9 %","6.29","4.63","4.43","0.4","15.6 %","9.8 %","1994"
"Jose Leclerc","Rangers","1","1","5","17","0","15.2","12.64","7.47","1.15",".361","70.9 %","43.2 %","15.4 %","6.32","5.02","4.90","0.0","29.0 %","9.1 %","14524"
"Touki Toussaint","Braves","2","0","0","3","1","11.1","11.91","4.76","0.00",".452","60.9 %","46.7 %","0.0 %","6.35","2.84","4.47","0.3","27.3 %","13.1 %","16929"
"Erik Swanson","Mariners","1","4","0","6","5","28.1","6.67","1.59","2.22",".264","45.8 %","33.3 %","16.7 %","6.35","5.36","4.90","0.1","16.9 %","9.1 %","16587"
"Randy Rosario","Cubs","0","0","0","8","0","7.0","11.57","6.43","1.29",".368","60.3 %","50.0 %","50.0 %","6.43","4.53","3.20","0.0","26.5 %","9.4 %","14508"
"Matthew Festa","Mariners","0","0","0","6","0","7.0","5.14","6.43","1.29",".304","69.0 %","39.1 %","12.5 %","6.43","5.96","6.22","-0.1","12.1 %","7.3 %","19330"
"Wily Peralta","Royals","2","2","1","18","0","18.0","4.50","5.50","1.00",".339","66.2 %","42.6 %","9.5 %","6.50","5.38","6.10","-0.2","11.1 %","9.2 %","7738"
"Felix Hernandez","Mariners","1","4","0","8","8","38.2","7.91","1.86","2.09",".345","62.8 %","50.0 %","20.9 %","6.52","5.30","4.34","0.1","19.5 %","9.1 %","4772"
"Shawn Armstrong","- - -","0","1","0","9","0","9.2","8.38","5.59","0.93",".345","66.3 %","27.6 %","8.3 %","6.52","4.76","5.72","0.0","19.6 %","14.1 %","12857"
"Miguel Castro","Orioles","0","1","1","17","0","19.1","8.84","4.19","1.40",".356","66.0 %","48.4 %","15.8 %","6.52","4.55","4.36","0.0","21.1 %","11.1 %","15684"
"Tyler Webb","Cardinals","0","0","0","14","0","9.2","6.52","4.66","1.86",".120","48.8 %","48.1 %","20.0 %","6.52","6.20","5.44","-0.2","17.5 %","9.2 %","14974"
"Chad Bettis","Rockies","1","3","0","11","3","23.1","5.40","3.47","1.16",".357","61.9 %","66.3 %","20.0 %","6.56","4.86","4.38","0.1","12.6 %","8.6 %","10587"
"Derek Holland","Giants","1","4","0","8","7","35.2","10.85","5.55","2.52",".284","72.1 %","40.0 %","27.0 %","6.56","6.35","4.63","-0.5","27.2 %","12.0 %","4141"
"Clay Buchholz","Blue Jays","0","2","0","5","5","24.2","4.38","2.19","1.82",".318","64.5 %","40.9 %","16.1 %","6.57","5.49","5.19","0.0","11.1 %","7.6 %","3543"
"Matt Harvey","Angels","1","3","0","8","8","40.1","6.25","3.57","1.56",".274","57.8 %","43.8 %","18.9 %","6.69","5.38","4.83","0.0","15.7 %","9.9 %","11713"
"Clay Holmes","Pirates","0","0","0","2","0","4.0","9.00","9.00","2.25",".250","65.8 %","46.2 %","20.0 %","6.75","8.10","7.17","-0.1","18.2 %","7.8 %","13649"
"Daniel Mengden","Athletics","0","1","0","1","1","5.1","6.75","6.75","0.00",".313","55.6 %","31.3 %","0.0 %","6.75","3.85","6.29","0.1","16.7 %","6.0 %","16980"
"Reymin Guduan","Astros","0","0","0","3","0","2.2","10.13","6.75","3.38",".286","83.3 %","37.5 %","33.3 %","6.75","7.98","5.19","-0.1","23.1 %","7.0 %","13058"
"Kyle Bird","Rangers","0","0","1","5","0","5.1","5.06","11.81","3.38",".133","88.2 %","41.2 %","25.0 %","6.75","11.91","9.82","-0.4","10.3 %","6.1 %","16618"
"Tanner Scott","Orioles","0","0","0","8","0","6.2","16.20","10.80","2.70",".600","74.1 %","41.2 %","50.0 %","6.75","7.00","4.21","-0.1","32.4 %","11.7 %","17586"
"Tim Hill","Royals","0","0","0","6","0","4.0","6.75","9.00","2.25",".273","81.4 %","54.5 %","25.0 %","6.75","9.35","7.96","-0.3","14.3 %","4.0 %","16814"
"Zach Duke","Reds","2","1","0","20","0","13.1","6.08","5.40","1.35",".317","67.6 %","52.4 %","28.6 %","6.75","5.95","4.98","-0.2","14.5 %","6.3 %","3840"
"Marco Estrada","Athletics","0","2","0","5","5","23.2","4.18","3.04","2.66",".208","62.0 %","19.3 %","12.7 %","6.85","7.41","7.88","-0.2","10.4 %","7.6 %","1118"
"Drew Smyly","Rangers","0","3","0","6","5","23.2","10.27","6.08","2.28",".302","68.5 %","26.1 %","19.4 %","6.85","6.27","5.41","-0.1","23.9 %","10.3 %","11760"
"Thomas Pannone","Blue Jays","1","3","0","14","2","22.1","9.67","4.03","1.21",".323","57.1 %","34.9 %","10.3 %","6.85","4.18","4.84","0.2","24.0 %","10.5 %","17281"
"Trevor Cahill","Angels","2","4","0","9","9","44.0","6.75","2.86","2.86",".252","67.6 %","41.0 %","25.5 %","6.95","6.90","5.08","-0.6","16.9 %","9.5 %","6249"
"Carson Fulmer","White Sox","1","1","0","8","0","10.1","9.58","9.58","0.87",".303","63.6 %","50.0 %","9.1 %","6.97","6.29","7.01","-0.1","18.6 %","11.3 %","18311"
"Edinson Volquez","Rangers","0","0","0","2","2","7.2","7.04","9.39","2.35",".348","79.0 %","36.0 %","25.0 %","7.04","8.06","6.60","-0.1","15.4 %","6.8 %","3990"
"Adam Conley","Marlins","1","4","1","19","0","15.1","8.80","2.93","1.17",".375","62.0 %","42.6 %","18.2 %","7.04","4.21","3.85","0.0","20.8 %","12.2 %","14457"
"Kyle Wright","Braves","0","2","0","3","3","14.0","7.07","6.43","2.57",".282","73.5 %","45.2 %","26.7 %","7.07","7.60","5.88","-0.3","16.9 %","6.7 %","19665"
"Jeanmar Gomez","Rangers","0","0","0","14","0","14.0","6.43","3.21","1.29",".378","58.6 %","48.9 %","18.2 %","7.07","4.81","4.42","0.0","15.9 %","6.7 %","9033"
"Wilmer Font","- - -","1","1","0","12","2","20.1","9.30","3.10","1.77",".351","59.1 %","38.3 %","13.8 %","7.08","4.63","4.72","0.0","23.6 %","11.7 %","5257"
"Evan Phillips","Orioles","0","1","0","11","0","12.2","11.37","7.11","0.00",".400","63.0 %","45.5 %","0.0 %","7.11","3.65","4.68","0.1","25.0 %","11.6 %","17734"
"Matt Grace","Nationals","0","1","0","21","0","19.0","8.05","2.84","1.42",".365","59.0 %","47.6 %","20.0 %","7.11","4.47","3.88","0.0","18.9 %","9.7 %","11449"
"Kyle Dowdy","Rangers","2","1","0","11","1","21.1","6.33","5.91","1.69",".309","64.0 %","45.1 %","21.1 %","7.17","6.24","5.46","-0.3","14.7 %","9.2 %","19285"
"Jeff Hoffman","Rockies","0","1","0","1","1","5.0","10.80","0.00","0.00",".400","33.3 %","33.3 %","0.0 %","7.20","0.70","2.93","0.3","28.6 %","10.6 %","17432"
"Dennis Santana","Dodgers","0","0","0","3","0","5.0","10.80","7.20","1.80",".357","75.5 %","40.0 %","25.0 %","7.20","6.90","5.79","-0.1","22.2 %","13.5 %","17878"
"Manny Banuelos","White Sox","2","3","0","9","5","31.0","9.29","5.52","2.90",".354","75.0 %","36.0 %","30.3 %","7.26","7.07","4.85","-0.6","22.4 %","9.8 %","5365"
"Phil Maton","Padres","0","0","0","9","0","11.0","6.55","1.64","2.45",".278","55.6 %","46.2 %","21.4 %","7.36","5.74","4.56","-0.1","16.3 %","12.6 %","18064"
"Michael Feliz","Pirates","2","0","0","7","0","7.1","12.27","9.82","1.23",".235","51.7 %","23.5 %","11.1 %","7.36","5.42","5.93","-0.1","27.8 %","9.9 %","11903"
"Austin Pruitt","Rays","0","0","0","4","0","7.1","4.91","2.45","2.45",".273","55.6 %","60.9 %","33.3 %","7.36","6.37","4.35","-0.1","13.3 %","12.5 %","15290"
"Aaron Wilkerson","Brewers","0","0","0","3","0","7.1","9.82","3.68","0.00",".520","62.5 %","44.0 %","0.0 %","7.36","2.15","3.67","0.2","22.2 %","12.2 %","16904"
"Drew Anderson","Phillies","0","0","0","2","0","6.0","9.00","9.00","1.50",".294","66.0 %","44.4 %","25.0 %","7.50","6.27","5.34","-0.1","20.0 %","15.4 %","15130"
"Zack Godley","Diamondbacks","1","3","1","10","7","37.2","7.65","5.02","1.67",".322","59.4 %","42.9 %","16.7 %","7.65","5.65","5.30","-0.2","18.1 %","10.5 %","14862"
"Dominic Leone","Cardinals","0","0","0","19","0","19.2","12.36","5.03","1.83",".333","55.1 %","35.3 %","19.0 %","7.78","4.68","4.02","-0.1","30.0 %","12.5 %","13763"
"Nick Kingham","Pirates","1","1","1","10","2","20.2","8.71","4.35","1.31",".365","56.6 %","35.9 %","11.5 %","7.84","4.50","4.95","0.1","20.8 %","8.6 %","11694"
"Mike Foltynewicz","Braves","0","3","0","4","4","21.1","5.91","3.38","3.38",".261","50.4 %","34.2 %","21.1 %","8.02","7.93","6.36","-0.5","14.0 %","10.3 %","10811"
"Tyler Thornburg","Red Sox","0","0","0","14","0","15.2","10.91","3.45","2.30",".317","51.7 %","26.7 %","16.0 %","8.04","5.14","4.79","0.0","27.1 %","9.5 %","10688"
"Ryan Yarbrough","Rays","2","1","0","5","0","16.2","7.56","2.16","1.62",".306","42.6 %","38.8 %","15.8 %","8.10","4.66","4.44","-0.1","19.7 %","9.6 %","16502"
"Corbin Burnes","Brewers","0","3","0","10","4","26.2","12.83","3.71","3.71",".382","70.6 %","43.4 %","44.0 %","8.10","6.85","3.23","-0.2","29.7 %","15.6 %","19361"
"Jacob Rhame","Mets","0","0","0","3","0","3.1","5.40","13.50","2.70",".222","75.8 %","33.3 %","20.0 %","8.10","10.30","9.19","-0.1","11.8 %","10.1 %","15267"
"Jaime Barria","Angels","2","2","0","4","1","14.1","6.28","1.88","0.63",".442","56.4 %","35.8 %","5.3 %","8.16","3.45","5.00","0.2","14.9 %","10.9 %","18356"
"Fernando Rodney","Athletics","0","2","0","16","0","14.1","8.79","6.28","0.63",".415","56.4 %","52.4 %","9.1 %","8.16","4.15","4.67","0.1","21.2 %","9.3 %","494"
"Dan Straily","Orioles","1","3","0","7","6","27.1","4.94","3.95","2.96",".305","65.1 %","29.8 %","17.0 %","8.23","7.71","7.03","-0.3","11.4 %","8.2 %","9460"
"Chad Sobotka","Braves","0","0","0","13","0","12.0","12.75","6.75","2.25",".345","57.7 %","46.9 %","25.0 %","8.25","6.52","5.12","-0.3","27.9 %","14.6 %","17470"
"Bryse Wilson","Braves","0","0","0","2","1","4.1","8.31","8.31","2.08",".364","65.8 %","33.3 %","25.0 %","8.31","7.02","5.74","-0.1","20.0 %","10.5 %","19990"
"Nick Pivetta","Phillies","2","1","0","4","4","18.1","7.85","3.93","2.45",".413","66.7 %","45.5 %","26.3 %","8.35","6.37","4.75","-0.2","17.2 %","8.5 %","15454"
"Trevor Hildenberger","Twins","2","2","1","19","0","14.0","9.00","2.57","0.64",".460","59.4 %","31.4 %","6.7 %","8.36","3.31","4.38","0.3","19.7 %","12.4 %","17002"
"Chris Stratton","- - -","1","2","0","9","5","34.1","7.60","4.72","2.10",".384","64.0 %","39.0 %","19.0 %","8.39","6.01","5.26","-0.2","17.4 %","8.3 %","13761"
"Mike Wright Jr.","- - -","0","1","1","15","0","21.1","10.55","4.22","2.53",".393","62.5 %","43.3 %","24.0 %","8.44","6.10","4.62","-0.3","24.0 %","10.7 %","12586"
"Adalberto Mejia","Twins","0","1","0","11","0","11.1","8.74","7.15","1.59",".300","46.5 %","21.9 %","12.5 %","8.74","5.84","6.16","-0.1","21.2 %","9.0 %","13188"
"Brett Martin","Rangers","0","0","0","11","0","12.1","5.11","1.46","2.19",".293","39.1 %","52.3 %","23.1 %","8.76","5.61","4.41","-0.1","13.2 %","12.2 %","17369"
"Joe Kelly","Dodgers","1","2","0","15","0","15.1","8.80","2.35","1.76",".412","52.4 %","57.4 %","33.3 %","8.80","4.67","3.21","-0.1","20.3 %","7.6 %","9761"
"Steven Brault","Pirates","0","1","0","6","2","16.1","9.92","4.96","2.76",".364","64.0 %","36.2 %","26.3 %","8.82","6.90","5.08","-0.3","23.1 %","11.1 %","15291"
"Eduardo Nunez","Red Sox","0","0","0","1","0","1.0","0.00","0.00","9.00",".000","100.0 %","25.0 %","33.3 %","9.00","16.10","8.67","-0.1","0.0 %","7.1 %","6848"
"Kendrys Morales","Athletics","0","0","0","1","0","1.0","0.00","18.00","0.00",".250","75.0 %","25.0 %","0.0 %","9.00","12.10","15.82","0.0","0.0 %","4.8 %","8610"
"Chris Davis","Orioles","0","0","0","1","0","1.0","9.00","0.00","9.00",".333","100.0 %","25.0 %","50.0 %","9.00","14.10","4.82","0.0","20.0 %","4.6 %","9272"
"Aaron Altherr","Phillies","0","0","0","1","0","1.0","18.00","0.00","0.00",".667","50.0 %","33.3 %","0.0 %","9.00","-0.90","0.96","0.0","40.0 %","21.1 %","11270"
"Austin Adams","- - -","0","0","0","2","0","2.0","22.50","13.50","4.50",".000","83.3 %","50.0 %","100.0 %","9.00","10.60","5.03","-0.1","45.5 %","13.8 %","13801"
"Kyle Zimmer","Royals","0","1","0","3","0","2.0","9.00","22.50","0.00",".333","71.4 %","33.3 %","0.0 %","9.00","8.60","9.53","-0.1","15.4 %","8.8 %","14169"
"Heath Fillmyer","Royals","0","1","0","4","3","15.0","4.20","3.00","3.00",".302","61.9 %","43.1 %","26.3 %","9.00","7.90","5.92","-0.3","9.7 %","6.7 %","17466"
"Wei-Yin Chen","Marlins","0","1","0","10","0","14.0","9.00","4.50","3.21",".366","68.2 %","39.1 %","27.8 %","9.00","7.67","5.42","-0.4","20.3 %","9.2 %","13071"
"Robert Stock","Padres","1","0","0","7","0","6.0","13.50","9.00","1.50",".375","43.1 %","58.8 %","20.0 %","9.00","5.27","4.65","-0.1","28.1 %","7.9 %","6576"
"Jarlin Garcia","Marlins","0","0","0","5","0","5.0","5.40","3.60","0.00",".267","28.6 %","71.4 %","0.0 %","9.00","3.70","4.44","0.0","14.3 %","6.0 %","18282"
"Matt Koch","Diamondbacks","0","0","0","9","0","20.2","3.92","1.74","3.48",".300","63.4 %","35.9 %","23.5 %","9.15","8.57","6.59","-0.5","9.4 %","6.6 %","13420"
"D.J. Johnson","Rockies","0","1","0","14","0","11.2","7.71","8.49","0.00",".385","57.1 %","41.0 %","0.0 %","9.26","4.73","6.80","0.0","16.1 %","10.9 %","12578"
"Luis Avilan","Mets","1","0","0","11","0","10.2","9.28","4.22","1.69",".429","59.4 %","32.4 %","16.7 %","9.28","5.16","4.82","-0.1","20.4 %","10.9 %","2882"
"Cody Anderson","Indians","0","1","0","5","2","8.2","9.35","8.31","1.04",".407","61.2 %","25.9 %","8.3 %","9.35","5.64","6.71","0.1","19.6 %","11.9 %","12799"
"Nick Burdi","Pirates","2","1","0","11","0","8.2","17.65","3.12","1.04",".526","39.7 %","20.0 %","10.0 %","9.35","1.72","2.36","0.3","42.5 %","18.0 %","16074"
"Ervin Santana","White Sox","0","2","0","3","3","13.1","3.38","4.05","4.05",".277","66.3 %","32.1 %","20.0 %","9.45","9.55","7.88","-0.5","7.8 %","5.6 %","3200"
"Shelby Miller","Rangers","1","3","0","8","8","29.1","6.14","7.06","1.53",".337","56.1 %","38.7 %","12.2 %","9.51","6.51","6.89","-0.2","13.3 %","6.9 %","10197"
"Alex Wilson","Brewers","1","1","1","13","0","11.1","10.32","7.15","2.38",".375","60.6 %","40.0 %","30.0 %","9.53","6.63","4.83","-0.3","22.8 %","9.9 %","9239"
"Joe Ross","Nationals","0","0","0","12","0","10.1","6.97","5.23","1.74",".353","55.0 %","50.0 %","16.7 %","9.58","6.10","5.74","-0.2","15.7 %","11.8 %","12972"
"Shane Carle","Braves","0","0","0","6","0","9.1","5.79","8.68","2.89",".286","69.2 %","45.2 %","33.3 %","9.64","9.85","7.46","-0.4","12.2 %","8.6 %","15258"
"A.J. Minter","Braves","0","4","3","15","0","11.0","13.09","7.36","1.64",".469","60.3 %","26.5 %","15.4 %","9.82","5.01","4.84","-0.1","27.1 %","11.9 %","18655"
"Seunghwan Oh","Rockies","1","1","0","16","0","14.1","8.79","2.51","3.14",".426","59.1 %","34.6 %","25.0 %","10.05","6.52","4.58","-0.2","20.0 %","14.2 %","18719"
"Zac Reininger","Tigers","0","0","0","8","0","10.2","3.38","2.53","4.22",".359","66.7 %","36.4 %","31.3 %","10.13","9.29","5.98","-0.4","7.8 %","8.5 %","15285"
"Caleb Frare","White Sox","0","0","0","5","0","2.2","10.13","13.50","3.38",".167","65.2 %","28.6 %","25.0 %","10.13","10.23","8.14","-0.1","21.4 %","11.3 %","14353"
"Ryan Dull","Athletics","0","0","0","6","0","7.0","9.00","2.57","3.86",".480","72.5 %","33.3 %","27.3 %","10.29","7.96","5.31","-0.2","18.4 %","11.0 %","13974"
"Stephen Tarpley","Yankees","0","0","0","6","0","4.1","10.38","10.38","2.08",".417","62.5 %","46.2 %","33.3 %","10.38","7.25","5.54","-0.1","21.7 %","12.6 %","15859"
"Jerry Blevins","Braves","0","0","0","6","0","3.1","10.80","8.10","2.70",".143","43.5 %","25.0 %","20.0 %","10.80","8.20","7.09","-0.2","25.0 %","8.1 %","7841"
"JT Chargois","Dodgers","0","0","0","2","0","1.2","5.40","5.40","5.40",".200","62.5 %","16.7 %","50.0 %","10.80","11.50","5.93","-0.1","12.5 %","17.4 %","13767"
"Alex Cobb","Orioles","0","2","0","3","3","12.1","5.84","1.46","6.57",".293","67.3 %","46.0 %","60.0 %","10.95","11.78","4.55","-0.6","13.3 %","10.5 %","6562"
"Carl Edwards Jr.","Cubs","1","1","0","8","0","5.2","11.12","7.94","4.76",".091","41.7 %","14.3 %","33.3 %","11.12","10.16","6.23","-0.5","26.9 %","12.5 %","13607"
"Chris Flexen","Mets","0","2","0","2","1","5.2","1.59","12.71","0.00",".360","52.9 %","28.0 %","0.0 %","11.12","6.98","10.26","-0.2","2.9 %","5.1 %","13896"
"Tyler Lyons","Pirates","1","1","0","3","0","4.0","11.25","6.75","2.25",".455","52.6 %","27.3 %","20.0 %","11.25","6.10","5.17","-0.1","25.0 %","11.4 %","11334"
"Hunter Strickland","Mariners","0","1","2","3","0","2.1","11.57","0.00","3.86",".200","0.0 %","16.7 %","25.0 %","11.57","7.39","5.00","-0.1","30.0 %","17.7 %","7836"
"Eduardo Jimenez","Tigers","0","0","0","2","0","2.1","3.86","7.71","0.00",".400","50.0 %","50.0 %","0.0 %","11.57","4.81","5.61","0.0","7.7 %","2.0 %","19642"
"Tyler Anderson","Rockies","0","3","0","5","5","20.2","10.02","4.79","3.48",".391","51.8 %","41.4 %","34.8 %","11.76","7.50","4.54","-0.3","21.7 %","10.7 %","12880"
"Erasmo Ramirez","Red Sox","0","0","0","1","0","3.0","3.00","3.00","6.00",".200","62.5 %","45.5 %","50.0 %","12.00","13.10","6.91","-0.1","6.7 %","9.8 %","10314"
"Corey Oswalt","Mets","0","1","0","2","0","6.2","6.75","8.10","1.35",".364","44.1 %","40.9 %","14.3 %","12.15","6.25","6.25","-0.1","14.7 %","6.5 %","13677"
"Josh Rogers","Orioles","0","0","0","1","0","3.2","2.45","2.45","7.36",".091","55.6 %","21.4 %","37.5 %","12.27","14.83","8.24","-0.2","5.9 %","4.3 %","18510"
"Brian Johnson","Red Sox","1","0","0","4","0","5.2","11.12","4.76","4.76",".412","56.8 %","30.0 %","27.3 %","12.71","9.10","5.82","-0.2","23.3 %","7.8 %","14272"
"Ryan Carpenter","Tigers","0","2","0","2","2","9.0","7.00","4.00","4.00",".406","45.5 %","36.1 %","30.8 %","13.00","8.66","5.56","-0.3","14.9 %","5.9 %","12699"
"Matt Wotherspoon","Orioles","0","0","0","1","0","2.0","0.00","4.50","4.50",".375","55.6 %","22.2 %","50.0 %","13.50","11.10","6.46","-0.1","0.0 %","16.7 %","16452"
"Sean Reid-Foley","Blue Jays","0","1","0","1","1","2.0","13.50","9.00","4.50",".429","35.7 %","37.5 %","33.3 %","13.50","11.10","7.39","-0.1","21.4 %","9.6 %","17034"
"Nestor Cortes","Yankees","0","0","0","1","0","2.0","13.50","0.00","4.50",".500","38.5 %","28.6 %","50.0 %","13.50","6.60","1.96","0.0","30.0 %","8.2 %","17874"
"Gregory Soto","Tigers","0","2","0","2","2","6.0","6.00","6.00","3.00",".435","53.0 %","37.5 %","22.2 %","13.50","8.10","6.55","-0.2","12.1 %","4.4 %","19677"
"Tyler Beede","Giants","0","1","0","3","1","6.2","13.50","10.80","2.70",".522","57.3 %","44.0 %","25.0 %","13.50","7.60","5.93","-0.2","23.3 %","13.2 %","16981"
"Jake Jewell","Angels","0","0","0","4","0","4.2","9.64","5.79","5.79",".308","58.8 %","68.8 %","75.0 %","13.50","11.89","5.12","-0.3","20.0 %","14.3 %","16958"
"Chad Green","Yankees","0","2","0","11","0","8.2","10.38","4.15","4.15",".407","41.7 %","48.4 %","36.4 %","14.54","8.52","4.88","-0.3","21.7 %","12.7 %","15552"
"Richard Bleier","Orioles","0","0","1","4","0","4.1","8.31","0.00","4.15",".438","41.7 %","11.1 %","28.6 %","14.54","7.95","4.95","-0.1","17.4 %","19.4 %","7803"
"Jake Barrett","Yankees","0","0","0","2","0","3.2","9.82","4.91","4.91",".364","38.5 %","7.7 %","25.0 %","14.73","9.65","6.61","-0.1","21.1 %","11.4 %","13322"
"Drew VerHagen","Tigers","1","0","0","10","0","6.0","10.50","15.00","1.50",".474","53.8 %","45.0 %","20.0 %","15.00","7.93","7.32","-0.2","18.9 %","8.0 %","13424"
"Alex Reyes","Cardinals","0","1","0","4","0","3.0","3.00","18.00","3.00",".111","45.5 %","30.0 %","20.0 %","15.00","12.77","11.53","-0.3","5.9 %","5.6 %","15015"
"Dan Jennings","Nationals","0","2","0","6","0","3.0","15.00","18.00","3.00",".455","56.6 %","45.5 %","50.0 %","15.00","10.10","7.01","-0.2","21.7 %","10.6 %","8073"
"Pat Venditte","Giants","0","0","0","2","0","3.1","5.40","5.40","2.70",".273","39.5 %","36.4 %","16.7 %","16.20","10.30","9.74","-0.1","10.5 %","7.9 %","7108"
"Jose Fernandez","Tigers","0","0","0","4","0","3.2","4.91","12.27","2.45",".357","37.7 %","20.0 %","10.0 %","17.18","10.46","11.98","-0.2","8.7 %","6.5 %","14733"
"Gerardo Reyes","Padres","2","0","0","5","0","3.2","12.27","4.91","0.00",".400","0.0 %","30.0 %","0.0 %","17.18","2.83","4.85","0.1","27.8 %","15.8 %","16306"
"Hanser Alberto","Orioles","0","0","0","1","0","1.0","0.00","18.00","9.00",".000","76.9 %","25.0 %","33.3 %","18.00","25.10","17.67","-0.1","0.0 %","0.0 %","11902"
"Parker Markel","Mariners","0","0","0","1","0","1.0","0.00","9.00","0.00",".600","50.0 %","40.0 %","0.0 %","18.00","6.10","7.96","0.0","0.0 %","12.5 %","12106"
"Tom Murphy","Mariners","0","0","0","1","0","1.0","0.00","9.00","0.00",".250","0.0 %","0.0 %","0.0 %","18.00","6.10","11.67","0.0","0.0 %","17.7 %","13499"
"Bobby Poyner","Red Sox","0","0","0","2","0","1.0","0.00","18.00","0.00",".600","60.0 %","0.0 %","0.0 %","18.00","9.10","12.82","0.0","0.0 %","6.3 %","17987"
"Brock Stewart","Dodgers","0","0","0","3","0","4.0","6.75","4.50","4.50",".500","36.6 %","43.8 %","25.0 %","18.00","9.60","6.82","-0.1","14.3 %","8.1 %","16727"
"Ty Blach","Giants","0","0","0","1","0","3.1","2.70","8.10","5.40",".357","41.7 %","31.3 %","22.2 %","18.90","13.00","10.22","-0.2","5.0 %","3.0 %","14361"
"Jay Jackson","Brewers","0","0","0","3","0","2.1","11.57","3.86","7.71",".286","31.3 %","33.3 %","66.7 %","19.29","14.24","5.49","-0.2","21.4 %","12.5 %","7432"
"Kevin McCarthy","Royals","0","1","0","6","0","3.2","0.00","9.82","2.45",".500","51.5 %","31.6 %","33.3 %","19.64","10.74","8.71","-0.4","0.0 %","7.5 %","15240"
"Ruben Alaniz","Mariners","0","0","0","4","0","4.0","13.50","6.75","6.75",".615","40.8 %","43.8 %","50.0 %","20.25","12.10","5.14","-0.2","24.0 %","12.1 %","10819"
"Jonny Venters","Braves","0","0","1","8","0","4.0","11.25","13.50","6.75",".455","51.0 %","42.9 %","42.9 %","20.25","14.85","8.35","-0.4","20.0 %","8.7 %","7175"
"John Ryan Murphy","Diamondbacks","0","0","0","2","0","3.0","0.00","9.00","9.00",".438","45.5 %","10.5 %","27.3 %","27.00","19.10","12.91","-0.2","0.0 %","2.9 %","10346"
"Ben Lively","Royals","0","0","0","1","0","1.0","9.00","0.00","9.00",".500","0.0 %","20.0 %","50.0 %","27.00","14.10","4.82","-0.1","16.7 %","11.1 %","14932"
"Andrew Vasquez","Twins","0","0","0","1","0","0.0","0.00","18.00","0.00",".000","0.0 %","0.0 %","0.0 %","27.00","12.10","12.10","0.0","0.0 %","0.0 %","19482"
"Nick Rumbelow","Mariners","0","0","1","3","0","1.1","13.50","6.75","13.50",".250","0.0 %","16.7 %","66.7 %","27.00","21.85","6.53","-0.3","22.2 %","5.0 %","14867"
"Pedro Araujo","Orioles","0","0","0","1","0","0.2","0.00","13.50","13.50",".500","62.5 %","66.7 %","100.0 %","27.00","27.10","10.39","-0.1","0.0 %","0.0 %","17697"
"Trevor Rosenthal","Nationals","0","1","0","7","0","3.0","9.00","27.00","0.00",".538","36.8 %","30.8 %","0.0 %","36.00","13.10","15.58","-0.3","10.7 %","5.4 %","10745"
"Chase De Jong","Twins","0","0","0","1","0","1.0","0.00","27.00","9.00",".400","43.5 %","16.7 %","33.3 %","36.00","25.10","17.67","-0.1","0.0 %","4.4 %","15036"
"Dylan Moore","Mariners","0","0","0","1","0","1.0","0.00","18.00","0.00",".625","42.9 %","37.5 %","0.0 %","36.00","9.10","12.82","0.0","0.0 %","0.0 %","18042"
"Dovydas Neverauskas","Pirates","0","0","0","3","0","1.2","16.20","10.80","0.00",".667","12.5 %","33.3 %","0.0 %","37.80","3.10","6.44","0.0","21.4 %","13.1 %","11604"
"Dan Altavilla","Mariners","0","0","0","2","0","0.2","0.00","67.50","0.00",".500","57.1 %","100.0 %","0.0 %","40.50","25.60","25.60","-0.2","0.0 %","2.2 %","16507"
"Taylor Hearn","Rangers","0","1","0","1","1","0.1","0.00","108.00","0.00",".750","28.6 %","50.0 %","0.0 %","108.00","39.10","44.67","-0.1","0.0 %","2.6 %","18325"
"Austen Williams","Nationals","0","0","0","2","0","0.1","27.00","27.00","54.00","1.000","0.0 %","40.0 %","100.0 %","162.00","84.10","17.25","-0.2","14.3 %","17.2 %","16309"
